<scenefile>
	<globaldata>
		<diffusecoeff v="0.5"/>
		<specularcoeff v="0.5"/>
		<ambientcoeff v="0.5"/>
	</globaldata>

	<cameradata>
		<pos x="0" y="0" z="10"/>
		<focus x="0" y="0" z="0"/>
		<up x="0" y="1" z="0"/>
		<heightangle v="70"/>
	</cameradata>

	<lightdata>
		<id v="0"/>
		<position x="-2" y="-1" z="0"/>
		<color r="1" g="1" b="1"/>
		<function v1="0.1" v2="0.6" v3="0"/>
	</lightdata>

	<lightdata>
		<id v="1"/>
		<position x="-1" y="-1" z="1"/>
		<color r=".66" g="0" b=".33"/>
		<function v1="0.1" v2="0.6" v3="0"/>
	</lightdata>

	<lightdata>
		<id v="2"/>
		<position x="1" y="-1" z="1"/>
		<color r=".33" g="0" b=".66"/>
		<function v1="0.1" v2="0.6" v3="0"/>
	</lightdata>

	<lightdata>
		<id v="3"/>
		<position x="2" y="-1" z="0"/>
		<color r="1" g="1" b="1"/>
		<function v1="0.1" v2="0.6" v3="0"/>
	</lightdata>

	<lightdata>
		<id v="4"/>
		<position x="-2" y="-4" z="4"/>
		<color r="1" g="1" b="1"/>
		<function v1="0.1" v2="0.1" v3="0"/>
	</lightdata>

	<lightdata>
		<id v="5"/>
		<position x="2" y="-4" z="4"/>
		<color r="1" g="1" b="1"/>
		<function v1="0.1" v2="0.1" v3="0"/>
	</lightdata>

	<object type="tree" name="eyescope">
		<transblock>
			<translate x="0" y="2.5" z="0"/>
			<scale x="1" y="6" z="1"/>
			<object type="primitive" name="cube" >
				<diffuse r="1" g="0.5" b="0.5"/>
			</object>
		</transblock>
		<transblock>
			<translate x="0" y="4.8" z="0.5"/>
			<rotate x="1" y="0" z="0" angle="45"/>
			<object type="primitive" name="cube" >
				<diffuse r="1" g="0.5" b="0.5"/>
			</object>
		</transblock>
		<transblock>
			<translate x="0" y="5.0" z="1"/>
			<rotate x="1" y="0" z="0" angle="90"/>
			<object type="primitive" name="cube" >
				<diffuse r="1" g="0.5" b="0.5"/>
			</object>
		</transblock>
		<transblock>
			<translate x="0" y="4.8" z="1.5"/>
			<rotate x="1" y="0" z="0" angle="135"/>
			<object type="primitive" name="cube" >
				<diffuse r="1" g="0.5" b="0.5"/>
			</object>
		</transblock>
		<transblock>
			<translate x="0" y="4.4" z="1.9"/>
			<rotate x="1" y="0" z="0" angle="135"/>
			<scale x="0.95" y="0.95" z="0.95"/>
			<object type="primitive" name="sphere" >
				<diffuse r="1" g="1" b="1"/>
			</object>
		</transblock>
		<transblock>
			<translate x="0" y="4.4" z="1.9"/>
			<rotate x="1" y="0" z="0" angle="135"/>
			<scale x="0.7" y=".88" z="0.7"/>
			<object type="primitive" name="cylinder" >
				<diffuse r="1" g="0" b="0"/>
			</object>
		</transblock>
		<transblock>
			<translate x="0" y="4.4" z="1.9"/>
			<rotate x="1" y="0" z="0" angle="135"/>
			<scale x="0.4" y="1" z="0.4"/>
			<object type="primitive" name="cylinder" >
				<diffuse r="0" g="0" b="0"/>
			</object>
		</transblock>
	</object>

	<object type="tree" name="eyespikes">
		<transblock>
			<rotate x="1" y="0" z="0" angle="15"/>
			<scale x=".7" y="2" z=".7"/>
			<translate x="0" y="0.5" z="0"/>
			<object type="primitive" name="cone" >
				<diffuse r="0.5" g="1" b="0.5"/>
			</object>
		</transblock>
		<transblock>
			<rotate x="0" y="1" z="0" angle="60"/>
			<rotate x="0" y="0" z="1" angle="30"/>
			<scale x=".7" y="2" z=".7"/>
			<translate x="0" y="0.5" z="0"/>
			<object type="primitive" name="cone" >
				<diffuse r="0.5" g="1" b="0.5"/>
			</object>
		</transblock>
		<transblock>
			<rotate x="0" y="1" z="0" angle="45"/>
			<rotate x="0" y="0" z="1" angle="45"/>
			<scale x=".7" y="2" z=".7"/>
			<translate x="0" y="0.5" z="0"/>
			<object type="primitive" name="cone" >
				<diffuse r="0.5" g="1" b="0.5"/>
			</object>
		</transblock>
		<transblock>
			<rotate x="0" y="1" z="0" angle="30"/>
			<rotate x="0" y="0" z="1" angle="60"/>
			<scale x=".7" y="2" z=".7"/>
			<translate x="0" y="0.5" z="0"/>
			<object type="primitive" name="cone" >
				<diffuse r="0.5" g="1" b="0.5"/>
			</object>
		</transblock>
		<transblock>
			<rotate x="0" y="1" z="0" angle="15"/>
			<rotate x="0" y="0" z="1" angle="75"/>
			<scale x=".7" y="2" z=".7"/>
			<translate x="0" y="0.5" z="0"/>
			<object type="primitive" name="cone" >
				<diffuse r="0.5" g="1" b="0.5"/>
			</object>
		</transblock>
	</object>

	<object type="tree" name="eyeball">
		<transblock>
			<rotate x="0" y="1" z="0" angle="0"/>
			<object type="tree">
				<transblock>
					<scale x="3" y="3" z="3"/>
					<object type="primitive" name="sphere" >
						<diffuse r="1" g="1" b="1"/>
					</object>
				</transblock>
				<transblock>
					<translate x="0" y="0" z="1"/>
					<rotate x="1" y="0" z="0" angle="90"/>
					<object type="tree">
						<transblock>
							<object type="primitive" name="cylinder" >
								<diffuse r="1" g="0" b="0"/>
							</object>
						</transblock>
						<transblock>
							<translate x="0" y=".004" z="0"/>
							<scale x="0.7" y="1" z="0.7"/>
							<object type="primitive" name="cylinder" >
								<diffuse r="0" g="0" b="0"/>
							</object>
						</transblock>
					</object>
				</transblock>
			</object>
		</transblock>
	</object>

	<object type="tree" name="finger">
		<transblock>
			<scale x=".5" y="2.5" z=".6"/>
			<object type="primitive" name="cube" >
				<diffuse r=".5" g=".5" b=".5"/>
			</object>
		</transblock>
		<transblock>
			<translate x="0" y="1.5" z=".5"/>
			<rotate x="1" y="0" z="0" angle="45"/>
			<scale x=".5" y="1.5" z=".6"/>
			<object type="primitive" name="cube" >
				<diffuse r=".5" g=".5" b=".5"/>
			</object>
		</transblock>
		<transblock>
			<translate x="0" y="1.8" z="1.2"/>
			<rotate x="1" y="0" z="0" angle="115"/>
			<scale x=".5" y="1" z=".6"/>
			<object type="primitive" name="cube" >
				<diffuse r=".5" g=".5" b=".5"/>
			</object>
		</transblock>
	</object>

	<object type="tree" name="eyedemon">
		<transblock>
			<object type="master" name="eyespikes" />
		</transblock>
		<transblock>
			<rotate x="0" y="0" z="1" angle="90"/>
			<object type="master" name="eyespikes" />
		</transblock>
		<transblock>
			<rotate x="0" y="0" z="1" angle="180"/>
			<object type="master" name="eyespikes" />
		</transblock>
		<transblock>
			<rotate x="0" y="0" z="1" angle="270"/>
			<object type="master" name="eyespikes" />
		</transblock>
		<transblock>
			<rotate x="1" y="0" z="0" angle="-30"/>
			<scale x="0.7" y="0.7" z="0.7"/>
			<object type="master" name="eyescope" />
		</transblock>
		<transblock>
			<rotate x="0" y="0" z="1" angle="120"/>
			<rotate x="1" y="0" z="0" angle="-30"/>
			<scale x="0.7" y="0.7" z="0.7"/>
			<object type="master" name="eyescope" />
		</transblock>
		<transblock>
			<rotate x="0" y="0" z="1" angle="240"/>
			<rotate x="1" y="0" z="0" angle="-30"/>
			<scale x="0.7" y="0.7" z="0.7"/>
			<object type="master" name="eyescope" />
		</transblock>
		<transblock>
			<object type="master" name="eyeball" />
		</transblock>
	</object>

	<object type="tree" name="eyehand">
		<transblock>
			<translate x="5.5" y="-1" z="1"/>
			<rotate x="0" y="0" z="1" angle="-90"/>
			<scale x="2" y="10" z="2.5"/>
			<object type="primitive" name="cylinder" >
				<diffuse r=".5" g=".5" b=".5"/>
			</object>
		</transblock>
		<transblock>
			<translate x="0.5" y="-1" z="0"/>
			<rotate x="1" y="0" z="0" angle="-85"/>
			<rotate x="0" y="0" z="1" angle="15"/>
			<rotate x="0" y="1" z="0" angle="-90"/>
			<object type="master" name="finger" />
		</transblock>
		<transblock>
			<translate x="0.5" y="0" z="0"/>
			<rotate x="1" y="0" z="0" angle="-45"/>
			<rotate x="0" y="0" z="1" angle="15"/>
			<rotate x="0" y="1" z="0" angle="-90"/>
			<object type="master" name="finger" />
		</transblock>
		<transblock>
			<translate x="1" y="1" z=".5"/>
			<rotate x="1" y="0" z="0" angle="-10"/>
			<rotate x="0" y="0" z="1" angle="-10"/>
			<rotate x="0" y="1" z="0" angle="-90"/>
			<object type="master" name="finger" />
		</transblock>
		<transblock>
			<translate x="1.5" y="1" z="1.5"/>
			<rotate x="1" y="0" z="0" angle="15"/>
			<rotate x="0" y="0" z="1" angle="-10"/>
			<rotate x="0" y="1" z="0" angle="-90"/>
			<object type="master" name="finger" />
		</transblock>
		<transblock>
			<translate x="1" y="-2" z="1.5"/>
			<rotate x="1" y="0" z="0" angle="125"/>
			<rotate x="0" y="0" z="1" angle="-10"/>
			<rotate x="0" y="1" z="0" angle="-90"/>
			<scale x="1.3" y=".55" z="1.3"/>
			<object type="master" name="finger" />
		</transblock>
		<transblock>
			<translate x="-.5" y="2.8" z=".3"/>
			<rotate x="0" y="1" z="0" angle="-45"/>
			<scale x=".2" y=".2" z=".2"/>
			<object type="master" name="eyeball" />
		</transblock>
		<transblock>
			<translate x="0" y="2.8" z="2"/>
			<rotate x="1" y="0" z="0" angle="60"/>
			<rotate x="0" y="1" z="0" angle="-60"/>
			<scale x=".2" y=".2" z=".2"/>
			<object type="master" name="eyeball" />
		</transblock>
	</object>

	<object type="tree" name="robot">
		<transblock>
			<translate x="0" y="1" z="-.5"/>
			<scale x="0.5" y="0.5" z="0.5"/>
			<object type="tree">
				<transblock>
					<object type="primitive" name="cone" >
						<diffuse r="1" g="1" b="0"/>
					</object>
				</transblock>
				<transblock>
					<scale x="1" y="0.5" z="1"/>
					<translate x="0" y="-1.5" z="0"/>
					<object type="primitive" name="cylinder" >
						<diffuse r="1" g="1" b="0"/>
					</object>
				</transblock>
				<transblock>
					<scale x="0.3" y="0.3" z="0.3"/>
					<translate x="0" y="-2.3" z="2"/>
					<object type="primitive" name="cone" >
						<diffuse r="1" g="0" b="0"/>
					</object>
				</transblock>
				<transblock>
					<scale x="0.2" y="0.2" z="0.2"/>
					<translate x="1" y="-2.9" z="2"/>
					<object type="primitive" name="sphere" >
						<diffuse r="0" g="0" b="0"/>
					</object>
				</transblock>
				<transblock>
					<scale x="0.2" y="0.2" z="0.2"/>
					<translate x="-1" y="-2.9" z="2"/>
					<object type="primitive" name="sphere" >
						<diffuse r="0" g="0" b="0"/>
					</object>
				</transblock>
			</object>
		</transblock>
		<transblock>
			<translate x="0" y="0" z="-.5"/>
			<object type="tree">
				<transblock>
					<scale x="1" y="1" z="0.5"/>
					<object type="primitive" name="cube" >
						<diffuse r=".3" g=".3" b=".3"/>
					</object>
				</transblock>
				<transblock>
					<scale x=".3" y=".3" z=".3"/>
					<translate x="2" y="1.5" z="0"/>
					<object type="tree">
						<transblock>
							<rotate x="1" y="0" z="0.65" angle="90"/>
							<object type="tree">
								<transblock>
									<object type="primitive" name="sphere" >
										<diffuse r="0.5" g="0.5" b="0.5"/>
									</object>
								</transblock>
								<transblock>
									<scale x="1" y="2" z="1"/>
									<translate x="0" y="-.5" z="0"/>
									<object type="primitive" name="cylinder" >
										<diffuse r=".3" g=".3" b=".3"/>
									</object>
								</transblock>
							</object>
						</transblock>
					</object>
				</transblock>
				<transblock>
					<scale x=".3" y=".3" z=".3"/>
					<translate x="-2" y="1.5" z="0"/>
					<object type="tree">
						<transblock>
							<rotate x="1" y="0" z="0" angle="45"/>
							<object type="tree">
								<transblock>
									<object type="primitive" name="sphere" >
										<diffuse r="0.5" g="0.5" b="0.5"/>
									</object>
								</transblock>
								<transblock>
									<scale x="1" y="2" z="1"/>
									<translate x="0" y="-.5" z="0"/>
									<object type="primitive" name="cylinder" >
										<diffuse r=".3" g=".3" b=".3"/>
									</object>
								</transblock>
							</object>
						</transblock>
					</object>
				</transblock>
			</object>
		</transblock>
		<transblock>
			<scale x=".5" y=".5" z=".5"/>
			<translate x="0" y="-1" z="-1"/>
			<object type="tree">
				<transblock>
					<object type="primitive" name="sphere" >
						<diffuse r="0" g="1" b="1"/>
					</object>
				</transblock>
				<transblock>
					<rotate x="1" y="0" z="0" angle="30"/>
					<scale x="0.8" y="2.2" z="1"/>
					<translate x="0.8" y="-0.6" z="0"/>
					<object type="primitive" name="cylinder" >
						<diffuse r="0" g="1" b="1"/>
					</object>
				</transblock>
				<transblock>
					<rotate x="1" y="0" z="0" angle="-30"/>
					<scale x="0.8" y="2.2" z="1"/>
					<translate x="-0.8" y="-0.6" z="0"/>
					<object type="primitive" name="cylinder" >
						<diffuse r="0" g="1" b="1"/>
					</object>
				</transblock>
			</object>
		</transblock>
	</object>

	<object type="tree" name="root">
		<transblock>
			<translate x="-3" y="-2" z="0"/>
			<rotate x="0" y="0" z="1" angle="135"/>
			<scale x="0.7" y="0.5" z="0.7"/>
			<object type="primitive" name="cone" >
				<diffuse r="1" g="0" b="0"/>
			</object>
		</transblock>
		<transblock>
			<translate x="-2" y="-2" z="2"/>
			<rotate x="0" y="1" z="0" angle="-45"/>
			<rotate x="1" y="0" z="0" angle="135"/>
			<scale x="0.7" y="0.5" z="0.7"/>
			<object type="primitive" name="cone" >
				<diffuse r=".66" g="0" b=".33"/>
			</object>
		</transblock>
		<transblock>
			<translate x="2" y="-2" z="2"/>
			<rotate x="0" y="1" z="0" angle="225"/>
			<rotate x="1" y="0" z="0" angle="-135"/>
			<scale x="0.7" y="0.5" z="0.7"/>
			<object type="primitive" name="cone" >
				<diffuse r=".33" g="0" b=".66"/>
			</object>
		</transblock>
		<transblock>
			<translate x="3" y="-2" z="0"/>
			<rotate x="0" y="0" z="1" angle="-135"/>
			<scale x="0.7" y="0.5" z="0.7"/>
			<object type="primitive" name="cone" >
				<diffuse r="0" g="0" b="1"/>
			</object>
		</transblock>
		<transblock>
			<translate x="-3" y="-8" z="0"/>
			<scale x="0.3" y="10" z="0.3"/>
			<object type="primitive" name="cylinder" >
				<diffuse r="1" g="0" b="0"/>
			</object>
		</transblock>
		<transblock>
			<translate x="-2" y="-8" z="2"/>
			<scale x="0.3" y="10" z="0.3"/>
			<object type="primitive" name="cylinder" >
				<diffuse r=".66" g="0" b=".33"/>
			</object>
		</transblock>
		<transblock>
			<translate x="2" y="-8" z="2"/>
			<scale x="0.3" y="10" z="0.3"/>
			<object type="primitive" name="cylinder" >
				<diffuse r=".33" g="0" b=".66"/>
			</object>
		</transblock>
		<transblock>
			<translate x="3" y="-8" z="0"/>
			<scale x="0.3" y="10" z="0.3"/>
			<object type="primitive" name="cylinder" >
				<diffuse r="0" g="0" b="1"/>
			</object>
		</transblock>
		<transblock>
			<translate x="-3" y="-2.9" z="0"/>
			<scale x="0.7" y=".2" z="0.7"/>
			<object type="primitive" name="cylinder" >
				<diffuse r="1" g="0" b="0"/>
			</object>
		</transblock>
		<transblock>
			<translate x="-2" y="-2.9" z="2"/>
			<scale x=".7" y=".2" z="0.7"/>
			<object type="primitive" name="cylinder" >
				<diffuse r=".66" g="0" b=".33"/>
			</object>
		</transblock>
		<transblock>
			<translate x="2" y="-2.9" z="2"/>
			<scale x="0.7" y=".2" z="0.7"/>
			<object type="primitive" name="cylinder" >
				<diffuse r=".33" g="0" b=".66"/>
			</object>
		</transblock>
		<transblock>
			<translate x="3" y="-2.9" z="0"/>
			<scale x="0.7" y=".2" z="0.7"/>
			<object type="primitive" name="cylinder" >
				<diffuse r="0" g="0" b="1"/>
			</object>
		</transblock>
		<transblock>
			<translate x="0" y="-3.5" z="0"/>
			<scale x="0.5" y="10" z="0.5"/>
			<object type="primitive" name="cone" >
				<diffuse r="1" g="1" b="1"/>
			</object>
		</transblock>
		<transblock>
			<translate x="0" y="-1" z="-10"/>
			<rotate x="1" y="0" z="0" angle="90"/>
			<scale x="7" y=".5" z="7"/>
			<object type="primitive" name="cylinder" >
				<diffuse r="1" g="1" b="1"/>
			</object>
		</transblock>
		<transblock>
			<translate x="-.2" y="0" z=".2"/>
			<rotate x="0" y="1" z="0" angle="-90"/>
			<rotate x="1" y="0" z="1" angle="270"/>
			<object type="master" name="robot" />
		</transblock>
		<transblock>
			<translate x="0" y="4" z="-4"/>
			<rotate x="1" y="0" z="0" angle="45"/>
			<rotate x="0" y="0" z="1" angle="45"/>
			<object type="master" name="eyedemon" />
		</transblock>
		<transblock>
			<translate x="2" y="4" z="2"/>
			<rotate x="0" y="0" z="1" angle="-45"/>
			<rotate x="1" y="0" z="0" angle="135"/>
			<rotate x="0" y="0" z="1" angle="33"/>
			<scale x="0.6" y="0.6" z="0.6"/>
			<object type="master" name="eyedemon" />
		</transblock>
		<transblock>
			<translate x="-4" y="2.7" z="1"/>
			<rotate x="0" y="0" z="1" angle="45"/>
			<rotate x="1" y="0" z="0" angle="90"/>
			<rotate x="0" y="0" z="1" angle="211"/>
			<scale x="0.6" y="0.6" z="0.6"/>
			<object type="master" name="eyedemon" />
		</transblock>
		<transblock>
			<translate x="-3" y="-2.3" z="3"/>
			<rotate x="0" y="1" z="0" angle="165"/>
			<rotate x="0" y="0" z="1" angle="33"/>
			<scale x="0.2" y="0.2" z="0.2"/>
			<object type="master" name="eyedemon" />
		</transblock>
		<transblock>
			<translate x="-5" y="-1.5" z="-5"/>
			<rotate x="1" y="0" z="0" angle="-15"/>
			<rotate x="0" y="1" z="0" angle="45"/>
			<scale x="0.2" y="0.2" z="0.2"/>
			<object type="master" name="eyedemon" />
		</transblock>
		<transblock>
			<translate x="0.5" y="-4" z="1"/>
			<rotate x="1" y="0" z="0" angle="-125"/>
			<rotate x="0" y="0" z="1" angle="107"/>
			<scale x="0.2" y="0.2" z="0.2"/>
			<object type="master" name="eyedemon" />
		</transblock>
		<transblock>
			<translate x="5" y="0" z="-3"/>
			<object type="master" name="eyehand" />
		</transblock>
		<transblock>
			<translate x="5.6" y="-1" z="-2"/>
			<rotate x="0" y="1" z="0" angle="-70"/>
			<scale x=".5" y=".5" z=".5"/>
			<object type="master" name="eyeball" />
		</transblock>
	</object>

</scenefile>

