<scenefile>
	<globaldata>
		<diffusecoeff v="0.5"/>
		<specularcoeff v="0.5"/>
		<ambientcoeff v="0.5"/>
	</globaldata>

	<cameradata>
		<pos x="0" y="0" z="3"/>
		<focus x="0" y="0" z="0"/>
		<up x="0" y="1" z="0"/>
		<heightangle v="55"/>
	</cameradata>

	<lightdata>
		<id v="0"/>
		<color r="1" g="1" b="1"/>
		<position x="0" y="0" z="41"/>
	</lightdata>

	<object type="tree" name="L">
		<transblock>
			<scale x="0.7" y="3" z="0.5"/>
			<object type="primitive" name="cube" >
				<diffuse r="0.054" g=".792" b="0"/>
				<ambient r="0.054" g=".792" b="0"/>
			</object>
		</transblock>
		<transblock>
			<translate x="1" y="-1.1" z="0"/>
			<scale x="1.9" y="0.7" z="0.5"/>
			<object type="primitive" name="cube" >
				<diffuse r="0.054" g=".792" b="0"/>
				<ambient r="0.054" g=".792" b="0"/>
			</object>
		</transblock>
	</object>

	<object type="tree" name="lhatlogo">
		<transblock>
			<rotate x="1" y="0" z="0" angle="270"/>
			<scale x="4.3" y="0.4" z="4.3"/>
			<object type="primitive" name="cylinder" >
				<diffuse r="1" g="1" b="1"/>
				<ambient r="1" g="1" b="1"/>
			</object>
		</transblock>
		<transblock>
			<translate x="-0.8" y="0" z=".2"/>
			<object type="master" name="L" />
		</transblock>
	</object>

	<object type="tree" name="lhat">
		<transblock>
			<translate x="0" y="-0.05" z=".15"/>
			<scale x="0.9" y="0.1" z="1"/>
			<object type="primitive" name="cylinder" >
				<diffuse r="0.054" g=".792" b="0"/>
				<ambient r="0.054" g=".792" b="0"/>
			</object>
		</transblock>
		<transblock>
			<scale x="1" y="0.4" z="1"/>
			<object type="primitive" name="sphere" >
				<diffuse r="0.054" g=".792" b="0"/>
				<ambient r="0.054" g=".792" b="0"/>
			</object>
		</transblock>
		<transblock>
			<translate x="0" y="-0.05" z=".65"/>
			<scale x="0.05" y="0.025" z="0.05"/>
			<object type="master" name="lhatlogo" />
		</transblock>
	</object>

	<object type="tree" name="mustacheLeaf">
		<transblock>
			<scale x="0.1" y="0.1" z="0.05"/>
			<object type="primitive" name="sphere" >
				<diffuse r=".396" g="0" b="0"/>
				<ambient r=".396" g="0" b="0"/>
			</object>
		</transblock>
	</object>

	<object type="tree" name="mustacheLeft">
		<transblock>
			<translate x="0" y="0" z="0"/>
			<object type="master" name="mustacheLeaf" />
		</transblock>
		<transblock>
			<translate x="0.07" y="0.02" z="0"/>
			<object type="master" name="mustacheLeaf" />
		</transblock>
		<transblock>
			<translate x="0.13" y="0.08" z="0"/>
			<object type="master" name="mustacheLeaf" />
		</transblock>
		<transblock>
			<translate x="0.15" y="0.16" z="0"/>
			<object type="master" name="mustacheLeaf" />
		</transblock>
	</object>

	<object type="tree" name="nose">
		<transblock>
			<translate x="0" y="0" z="0.5"/>
			<scale x="0.2" y="0.2" z="0.3"/>
			<object type="primitive" name="sphere" >
				<diffuse r="1" g=".827" b=".639"/>
				<ambient r="1" g=".827" b=".639"/>
			</object>
		</transblock>
		<transblock>
			<translate x="0" y="-0.05" z="0.55"/>
			<rotate x="0" y="0" z="1" angle="-45"/>
			<object type="master" name="mustacheLeft" />
		</transblock>
		<transblock>
			<translate x="0" y="-0.05" z="0.55"/>
			<rotate x="0" y="1" z="0" angle="180"/>
			<rotate x="0" y="0" z="1" angle="-45"/>
			<object type="master" name="mustacheLeft" />
		</transblock>
	</object>

	<object type="tree" name="eyeBlue">
		<transblock>
			<scale x="0.4" y="0.45" z="0.15"/>
			<object type="primitive" name="sphere" >
				<diffuse r="0" g="0.478" b="0.925"/>
				<reflective r="1" g="1" b="1"/>
			</object>
		</transblock>
	</object>

	<object type="tree" name="eyeWhite">
		<transblock>
			<rotate x="1" y="0" z="0" angle="90"/>
			<scale x="0.4" y="0.4" z="0.6"/>
			<object type="primitive" name="sphere" >
				<diffuse r="1" g="1" b="1"/>
				<ambient r="1" g="1" b="1"/>
			</object>
		</transblock>
		<transblock>
			<translate x="0" y="0" z="0.2"/>
			<scale x="0.5" y="0.5" z="0.5"/>
			<object type="master" name="eyeBlue" />
		</transblock>
	</object>

	<object type="tree" name="eyeBall">
		<transblock>
			<scale x="0.5" y="0.5" z="0.5"/>
			<object type="master" name="eyeWhite" />
		</transblock>
	</object>

	<object type="tree" name="M">
		<transblock>
			<rotate x="0" y="0" z="1" angle="60"/>
			<scale x="2" y="0.5" z="0.5"/>
			<object type="primitive" name="cube" >
				<diffuse r=".8" g="0" b="0"/>
				<ambient r=".8" g="0" b="0"/>
			</object>
		</transblock>
		<transblock>
			<translate x="0.8" y="0.48" z="0"/>
			<rotate x="0" y="0" z="1" angle="-30"/>
			<scale x="1.4" y="0.5" z="0.5"/>
			<object type="primitive" name="cube" >
				<diffuse r=".8" g="0" b="0"/>
				<ambient r=".8" g="0" b="0"/>
			</object>
		</transblock>
	</object>

	<object type="tree" name="hatlogo">
		<transblock>
			<rotate x="1" y="0" z="0" angle="270"/>
			<scale x="4.3" y="0.4" z="4.3"/>
			<object type="primitive" name="cylinder" >
				<diffuse r="1" g="1" b="1"/>
				<ambient r="1" g="1" b="1"/>
			</object>
		</transblock>
		<transblock>
			<translate x="-1.3" y="0" z=".2"/>
			<object type="master" name="M" />
		</transblock>
		<transblock>
			<translate x="1.3" y="0" z=".2"/>
			<rotate x="0" y="1" z="0" angle="180"/>
			<object type="master" name="M" />
		</transblock>
	</object>

	<object type="tree" name="hat">
		<transblock>
			<translate x="0" y="-0.05" z=".15"/>
			<scale x="0.9" y="0.1" z="1"/>
			<object type="primitive" name="cylinder" >
				<diffuse r=".8" g="0" b="0"/>
				<ambient r=".8" g="0" b="0"/>
			</object>
		</transblock>
		<transblock>
			<scale x="1" y="0.4" z="1"/>
			<object type="primitive" name="sphere" >
				<diffuse r=".8" g="0" b="0"/>
				<ambient r=".8" g="0" b="0"/>
			</object>
		</transblock>
		<transblock>
			<translate x="0" y="-0.05" z=".65"/>
			<scale x="0.05" y="0.025" z="0.05"/>
			<object type="master" name="hatlogo" />
		</transblock>
	</object>

	<object type="tree" name="luigi">
		<transblock>
			<scale x="0.6" y="1" z="0.7"/>
			<object type="primitive" name="sphere" >
				<diffuse r="1" g=".827" b=".639"/>
				<ambient r="1" g=".827" b=".639"/>
			</object>
		</transblock>
		<transblock>
			<scale x="0.8" y="1" z="1"/>
			<translate x="0" y="0" z="-0.1"/>
			<object type="master" name="nose" />
		</transblock>
		<transblock>
			<translate x="0.08" y="0.1" z="0.35"/>
			<scale x="0.6" y="0.6" z="0.6"/>
			<object type="master" name="eyeBall" />
		</transblock>
		<transblock>
			<translate x="-0.08" y="0.1" z="0.35"/>
			<scale x="0.6" y="0.6" z="0.6"/>
			<object type="master" name="eyeBall" />
		</transblock>
		<transblock>
			<translate x="0" y=".3" z="0"/>
			<scale x="0.6" y="1" z="0.7"/>
			<object type="master" name="lhat" />
		</transblock>
	</object>

	<object type="tree" name="head">
		<transblock>
			<scale x="0.8" y="0.8" z="1"/>
			<object type="primitive" name="sphere" >
				<diffuse r="1" g=".827" b=".639"/>
			</object>
		</transblock>
		<transblock>
			<object type="master" name="nose" />
		</transblock>
		<transblock>
			<translate x="0.08" y="0.1" z="0.45"/>
			<scale x="0.6" y="0.6" z="0.6"/>
			<object type="master" name="eyeBall" />
		</transblock>
		<transblock>
			<translate x="-0.08" y="0.1" z="0.45"/>
			<scale x="0.6" y="0.6" z="0.6"/>
			<object type="master" name="eyeBall" />
		</transblock>
		<transblock>
			<translate x="0" y="0.3" z="0"/>
			<scale x="0.8" y="1.2" z="0.8"/>
			<object type="master" name="hat" />
		</transblock>
	</object>

	<object type="tree" name="root">
		<transblock>
			<scale x="1.5" y="1.5" z="1.5"/>
			<translate x="-.5" y="0" z="0"/>
			<rotate x="0" y="1" z="0" angle="15"/>
			<rotate x="0" y="0" z="1" angle="18"/>
			<object type="master" name="head" />
		</transblock>
		<transblock>
			<scale x="1.5" y="1.5" z="1.5"/>
			<translate x=".5" y="0" z="0"/>
			<rotate x="0" y="1" z="0" angle="-13"/>
			<rotate x="0" y="0" z="1" angle="-18"/>
			<object type="master" name="luigi" />
		</transblock>
	</object>

</scenefile>

