<!-- courtesy of psastras, 2009 -->
<scenefile>
    <globaldata>
        <diffusecoeff v="0.95"/>
        <specularcoeff v="0.8"/>
        <ambientcoeff v="0.75"/>
    </globaldata>

    <cameradata>
        <pos x="2" y="2" z="2"/>
        <focus x="-1.8" y="-1.5" z="0"/>
        <up x="0" y="0.9" z="0.1"/>
        <heightangle v="65"/>
    </cameradata>

  	<lightdata>
		<id v="0"/>
		<color r="1" g="1" b="1"/>
		<function v1="1.5" v2="0" v3="0"/>
		<position x="10" y="10" z="10"/>
	</lightdata>

    
    <lightdata>
		<id v="1"/>
		<color r="1" g="1" b="1"/>
		<function v1=".05" v2=".01" v3="0"/>
		<type v="directional"/>
		<direction x="0.25" y="1" z="-1"/>
	</lightdata>

	<lightdata>
		<id v="2"/>
		<color r="1" g="1" b="1"/>
		<function v1="1.5" v2="0" v3="0"/>
		<type v="directional"/>
		<direction x="1" y="-1.8" z="-2"/>
	</lightdata>

    <object type="tree" name="root">
        <transblock>
            <translate x="-5" y="-10" z="-5"/>
            <scale x="500" y=".13" z="500"/>
		    <object type="primitive" name="cube" ><reflective r="1" g="1" b="1"/><shininess v="18.1815"/><specular r="1" g="1" b="1"/><diffuse r=".5" g=".5" b=".5"/></object>
		</transblock>
        <transblock>
            <scale x="0.75" y="0.75" z="0.75"/>
            <translate x="-5" y="-10" z="-5"/>
            <object type="tree">
                <transblock><translate x="0" y="-5" z="0"/><object type="tree"><transblock><translate x="0" y="0" z="0"/><object type="tree">
                            <transblock><translate x="0" y="0" z="0"/><object type="primitive" name="cube" ><reflective r="1" g="1" b="1"/><shininess v="18.1815"/><specular r="1" g="1" b="1"/><diffuse r=".1" g=".1" b=".1"/></object></transblock>
                            <transblock><translate x="1.25" y="0" z="0"/><object type="primitive" name="cube" ><reflective r="1" g="1" b="1"/><shininess v="18.1815"/><specular r="1" g="1" b="1"/><diffuse r=".1" g=".1" b=".1"/></object></transblock>
                            <transblock><translate x="2.5" y="0" z="0"/><object type="primitive" name="cube" ><reflective r="1" g="1" b="1"/><shininess v="18.1815"/><specular r="1" g="1" b="1"/><diffuse r=".1" g=".1" b=".1"/></object></transblock>
                            <transblock><translate x="3.75" y="0" z="0"/><object type="primitive" name="cube" ><reflective r="1" g="1" b="1"/><shininess v="18.1815"/><specular r="1" g="1" b="1"/><diffuse r=".1" g=".1" b=".1"/></object></transblock>
                    </object></transblock><transblock><translate x="0" y="0" z="1.25"/><object type="tree">
                            <transblock><translate x="0" y="0" z="0"/><object type="primitive" name="cube" ><reflective r="1" g="1" b="1"/><shininess v="18.1815"/><specular r="1" g="1" b="1"/><diffuse r=".1" g=".1" b=".1"/></object></transblock>
                            <transblock><translate x="1.25" y="0" z="0"/><object type="primitive" name="cube" ><reflective r="1" g="1" b="1"/><shininess v="18.1815"/><specular r="1" g="1" b="1"/><diffuse r=".1" g=".1" b=".1"/></object></transblock>
                            <transblock><translate x="2.5" y="0" z="0"/><object type="primitive" name="cube" ><reflective r="1" g="1" b="1"/><shininess v="18.1815"/><specular r="1" g="1" b="1"/><diffuse r=".1" g=".1" b=".1"/></object></transblock>
                            <transblock><translate x="3.75" y="0" z="0"/><object type="primitive" name="cube" ><reflective r="1" g="1" b="1"/><shininess v="18.1815"/><specular r="1" g="1" b="1"/><diffuse r=".1" g=".1" b=".1"/></object></transblock>
                    </object></transblock><transblock><translate x="0" y="0" z="2.5"/><object type="tree">
                            <transblock><translate x="0" y="0" z="0"/><object type="primitive" name="cube" ><reflective r="1" g="1" b="1"/><shininess v="18.1815"/><specular r="1" g="1" b="1"/><diffuse r=".1" g=".1" b=".1"/></object></transblock>
                            <transblock><translate x="1.25" y="0" z="0"/><object type="primitive" name="cube" ><reflective r="1" g="1" b="1"/><shininess v="18.1815"/><specular r="1" g="1" b="1"/><diffuse r=".1" g=".1" b=".1"/></object></transblock>
                            <transblock><translate x="2.5" y="0" z="0"/><object type="primitive" name="cube" ><reflective r="1" g="1" b="1"/><shininess v="18.1815"/><specular r="1" g="1" b="1"/><diffuse r=".1" g=".1" b=".1"/></object></transblock>
                            <transblock><translate x="3.75" y="0" z="0"/><object type="primitive" name="cube" ><reflective r="1" g="1" b="1"/><shininess v="18.1815"/><specular r="1" g="1" b="1"/><diffuse r=".1" g=".1" b=".1"/></object></transblock>
                    </object></transblock><transblock><translate x="0" y="0" z="3.75"/><object type="tree">
                            <transblock><translate x="0" y="0" z="0"/><object type="primitive" name="cube" ><reflective r="1" g="1" b="1"/><shininess v="18.1815"/><specular r="1" g="1" b="1"/><diffuse r=".1" g=".1" b=".1"/></object></transblock>
                            <transblock><translate x="1.25" y="0" z="0"/><object type="primitive" name="cube" ><reflective r="1" g="1" b="1"/><shininess v="18.1815"/><specular r="1" g="1" b="1"/><diffuse r=".1" g=".1" b=".1"/></object></transblock>
                            <transblock><translate x="2.5" y="0" z="0"/><object type="primitive" name="cube" ><reflective r="1" g="1" b="1"/><shininess v="18.1815"/><specular r="1" g="1" b="1"/><diffuse r=".1" g=".1" b=".1"/></object></transblock>
                            <transblock><translate x="3.75" y="0" z="0"/><object type="primitive" name="cube" ><reflective r="1" g="1" b="1"/><shininess v="18.1815"/><specular r="1" g="1" b="1"/><diffuse r=".1" g=".1" b=".1"/></object></transblock>
                    </object></transblock></object></transblock>
                <transblock><translate x="0" y="-3.75" z="0"/><object type="tree"><transblock><translate x="0" y="0" z="0"/><object type="tree">
                            <transblock><translate x="0" y="0" z="0"/><object type="primitive" name="cube" ><reflective r="1" g="1" b="1"/><shininess v="18.1815"/><specular r="1" g="1" b="1"/><diffuse r=".1" g=".1" b=".1"/></object></transblock>
                            <transblock><translate x="1.25" y="0" z="0"/><object type="primitive" name="cube" ><reflective r="1" g="1" b="1"/><shininess v="18.1815"/><specular r="1" g="1" b="1"/><diffuse r=".1" g=".1" b=".1"/></object></transblock>
                            <transblock><translate x="2.5" y="0" z="0"/><object type="primitive" name="cube" ><reflective r="1" g="1" b="1"/><shininess v="18.1815"/><specular r="1" g="1" b="1"/><diffuse r=".1" g=".1" b=".1"/></object></transblock>
                            <transblock><translate x="3.75" y="0" z="0"/><object type="primitive" name="cube" ><reflective r="1" g="1" b="1"/><shininess v="18.1815"/><specular r="1" g="1" b="1"/><diffuse r=".1" g=".1" b=".1"/></object></transblock>
                    </object></transblock><transblock><translate x="0" y="0" z="1.25"/><object type="tree">
                            <transblock><translate x="0" y="0" z="0"/><object type="primitive" name="cube" ><reflective r="1" g="1" b="1"/><shininess v="18.1815"/><specular r="1" g="1" b="1"/><diffuse r=".1" g=".1" b=".1"/></object></transblock>
                            <transblock><translate x="1.25" y="0" z="0"/><object type="primitive" name="cube" ><reflective r="1" g="1" b="1"/><shininess v="18.1815"/><specular r="1" g="1" b="1"/><diffuse r=".1" g=".1" b=".1"/></object></transblock>
                            <transblock><translate x="2.5" y="0" z="0"/><object type="primitive" name="cube" ><reflective r="1" g="1" b="1"/><shininess v="18.1815"/><specular r="1" g="1" b="1"/><diffuse r=".1" g=".1" b=".1"/></object></transblock>
                            <transblock><translate x="3.75" y="0" z="0"/><object type="primitive" name="cube" ><reflective r="1" g="1" b="1"/><shininess v="18.1815"/><specular r="1" g="1" b="1"/><diffuse r=".1" g=".1" b=".1"/></object></transblock>
                    </object></transblock><transblock><translate x="0" y="0" z="2.5"/><object type="tree">
                            <transblock><translate x="0" y="0" z="0"/><object type="primitive" name="cube" ><reflective r="1" g="1" b="1"/><shininess v="18.1815"/><specular r="1" g="1" b="1"/><diffuse r=".1" g=".1" b=".1"/></object></transblock>
                            <transblock><translate x="1.25" y="0" z="0"/><object type="primitive" name="cube" ><reflective r="1" g="1" b="1"/><shininess v="18.1815"/><specular r="1" g="1" b="1"/><diffuse r=".1" g=".1" b=".1"/></object></transblock>
                            <transblock><translate x="2.5" y="0" z="0"/><object type="primitive" name="cube" ><reflective r="1" g="1" b="1"/><shininess v="18.1815"/><specular r="1" g="1" b="1"/><diffuse r=".1" g=".1" b=".1"/></object></transblock>
                            <transblock><translate x="3.75" y="0" z="0"/><object type="primitive" name="cube" ><reflective r="1" g="1" b="1"/><shininess v="18.1815"/><specular r="1" g="1" b="1"/><diffuse r=".1" g=".1" b=".1"/></object></transblock>
                    </object></transblock><transblock><translate x="0" y="0" z="3.75"/><object type="tree">
                            <transblock><translate x="0" y="0" z="0"/><object type="primitive" name="cube" ><reflective r="1" g="1" b="1"/><shininess v="18.1815"/><specular r="1" g="1" b="1"/><diffuse r=".1" g=".1" b=".1"/></object></transblock>
                            <transblock><translate x="1.25" y="0" z="0"/><object type="primitive" name="cube" ><reflective r="1" g="1" b="1"/><shininess v="18.1815"/><specular r="1" g="1" b="1"/><diffuse r=".1" g=".1" b=".1"/></object></transblock>
                            <transblock><translate x="2.5" y="0" z="0"/><object type="primitive" name="cube" ><reflective r="1" g="1" b="1"/><shininess v="18.1815"/><specular r="1" g="1" b="1"/><diffuse r=".1" g=".1" b=".1"/></object></transblock>
                            <transblock><translate x="3.75" y="0" z="0"/><object type="primitive" name="cube" ><reflective r="1" g="1" b="1"/><shininess v="18.1815"/><specular r="1" g="1" b="1"/><diffuse r=".1" g=".1" b=".1"/></object></transblock>
                    </object></transblock></object></transblock>
                <transblock><translate x="0" y="-2.5" z="0"/><object type="tree"><transblock><translate x="0" y="0" z="0"/><object type="tree">
                            <transblock><translate x="0" y="0" z="0"/><object type="primitive" name="cube" ><reflective r="1" g="1" b="1"/><shininess v="18.1815"/><specular r="1" g="1" b="1"/><diffuse r=".1" g=".1" b=".1"/></object></transblock>
                            <transblock><translate x="1.25" y="0" z="0"/><object type="primitive" name="cube" ><reflective r="1" g="1" b="1"/><shininess v="18.1815"/><specular r="1" g="1" b="1"/><diffuse r=".1" g=".1" b=".1"/></object></transblock>
                            <transblock><translate x="2.5" y="0" z="0"/><object type="primitive" name="cube" ><reflective r="1" g="1" b="1"/><shininess v="18.1815"/><specular r="1" g="1" b="1"/><diffuse r=".1" g=".1" b=".1"/></object></transblock>
                            <transblock><translate x="3.75" y="0" z="0"/><object type="primitive" name="cube" ><reflective r="1" g="1" b="1"/><shininess v="18.1815"/><specular r="1" g="1" b="1"/><diffuse r=".1" g=".1" b=".1"/></object></transblock>
                    </object></transblock><transblock><translate x="0" y="0" z="1.25"/><object type="tree">
                            <transblock><translate x="0" y="0" z="0"/><object type="primitive" name="cube" ><reflective r="1" g="1" b="1"/><shininess v="18.1815"/><specular r="1" g="1" b="1"/><diffuse r=".1" g=".1" b=".1"/></object></transblock>
                            <transblock><translate x="1.25" y="0" z="0"/><object type="primitive" name="cube" ><reflective r="1" g="1" b="1"/><shininess v="18.1815"/><specular r="1" g="1" b="1"/><diffuse r=".1" g=".1" b=".1"/></object></transblock>
                            <transblock><translate x="2.5" y="0" z="0"/><object type="primitive" name="cube" ><reflective r="1" g="1" b="1"/><shininess v="18.1815"/><specular r="1" g="1" b="1"/><diffuse r=".1" g=".1" b=".1"/></object></transblock>
                            <transblock><translate x="3.75" y="0" z="0"/><object type="primitive" name="cube" ><reflective r="1" g="1" b="1"/><shininess v="18.1815"/><specular r="1" g="1" b="1"/><diffuse r=".1" g=".1" b=".1"/></object></transblock>
                    </object></transblock><transblock><translate x="0" y="0" z="2.5"/><object type="tree">
                            <transblock><translate x="0" y="0" z="0"/><object type="primitive" name="cube" ><reflective r="1" g="1" b="1"/><shininess v="18.1815"/><specular r="1" g="1" b="1"/><diffuse r=".1" g=".1" b=".1"/></object></transblock>
                            <transblock><translate x="1.25" y="0" z="0"/><object type="primitive" name="cube" ><reflective r="1" g="1" b="1"/><shininess v="18.1815"/><specular r="1" g="1" b="1"/><diffuse r=".1" g=".1" b=".1"/></object></transblock>
                            <transblock><translate x="2.5" y="0" z="0"/><object type="primitive" name="cube" ><reflective r="1" g="1" b="1"/><shininess v="18.1815"/><specular r="1" g="1" b="1"/><diffuse r=".1" g=".1" b=".1"/></object></transblock>
                            <transblock><translate x="3.75" y="0" z="0"/><object type="primitive" name="cube" ><reflective r="1" g="1" b="1"/><shininess v="18.1815"/><specular r="1" g="1" b="1"/><diffuse r=".1" g=".1" b=".1"/></object></transblock>
                    </object></transblock><transblock><translate x="0" y="0" z="3.75"/><object type="tree">
                            <transblock><translate x="0" y="0" z="0"/><object type="primitive" name="cube" ><reflective r="1" g="1" b="1"/><shininess v="18.1815"/><specular r="1" g="1" b="1"/><diffuse r=".1" g=".1" b=".1"/></object></transblock>
                            <transblock><translate x="1.25" y="0" z="0"/><object type="primitive" name="cube" ><reflective r="1" g="1" b="1"/><shininess v="18.1815"/><specular r="1" g="1" b="1"/><diffuse r=".1" g=".1" b=".1"/></object></transblock>
                            <transblock><translate x="2.5" y="0" z="0"/><object type="primitive" name="cube" ><reflective r="1" g="1" b="1"/><shininess v="18.1815"/><specular r="1" g="1" b="1"/><diffuse r=".1" g=".1" b=".1"/></object></transblock>
                            <transblock><translate x="3.75" y="0" z="0"/><object type="primitive" name="cube" ><reflective r="1" g="1" b="1"/><shininess v="18.1815"/><specular r="1" g="1" b="1"/><diffuse r=".1" g=".1" b=".1"/></object></transblock>
                    </object></transblock></object></transblock>
                <transblock><translate x="0" y="-1.25" z="0"/><object type="tree"><transblock><translate x="0" y="0" z="0"/><object type="tree">
                            <transblock><translate x="0" y="0" z="0"/><object type="primitive" name="cube" ><reflective r="1" g="1" b="1"/><shininess v="18.1815"/><specular r="1" g="1" b="1"/><diffuse r=".1" g=".1" b=".1"/></object></transblock>
                            <transblock><translate x="1.25" y="0" z="0"/><object type="primitive" name="cube" ><reflective r="1" g="1" b="1"/><shininess v="18.1815"/><specular r="1" g="1" b="1"/><diffuse r=".1" g=".1" b=".1"/></object></transblock>
                            <transblock><translate x="2.5" y="0" z="0"/><object type="primitive" name="cube" ><reflective r="1" g="1" b="1"/><shininess v="18.1815"/><specular r="1" g="1" b="1"/><diffuse r=".1" g=".1" b=".1"/></object></transblock>
                            <transblock><translate x="3.75" y="0" z="0"/><object type="primitive" name="cube" ><reflective r="1" g="1" b="1"/><shininess v="18.1815"/><specular r="1" g="1" b="1"/><diffuse r=".1" g=".1" b=".1"/></object></transblock>
                    </object></transblock><transblock><translate x="0" y="0" z="1.25"/><object type="tree">
                            <transblock><translate x="0" y="0" z="0"/><object type="primitive" name="cube" ><reflective r="1" g="1" b="1"/><shininess v="18.1815"/><specular r="1" g="1" b="1"/><diffuse r=".1" g=".1" b=".1"/></object></transblock>
                            <transblock><translate x="1.25" y="0" z="0"/><object type="primitive" name="cube" ><reflective r="1" g="1" b="1"/><shininess v="18.1815"/><specular r="1" g="1" b="1"/><diffuse r=".1" g=".1" b=".1"/></object></transblock>
                            <transblock><translate x="2.5" y="0" z="0"/><object type="primitive" name="cube" ><reflective r="1" g="1" b="1"/><shininess v="18.1815"/><specular r="1" g="1" b="1"/><diffuse r=".1" g=".1" b=".1"/></object></transblock>
                            <transblock><translate x="3.75" y="0" z="0"/><object type="primitive" name="cube" ><reflective r="1" g="1" b="1"/><shininess v="18.1815"/><specular r="1" g="1" b="1"/><diffuse r=".1" g=".1" b=".1"/></object></transblock>
                    </object></transblock><transblock><translate x="0" y="0" z="2.5"/><object type="tree">
                            <transblock><translate x="0" y="0" z="0"/><object type="primitive" name="cube" ><reflective r="1" g="1" b="1"/><shininess v="18.1815"/><specular r="1" g="1" b="1"/><diffuse r=".1" g=".1" b=".1"/></object></transblock>
                            <transblock><translate x="1.25" y="0" z="0"/><object type="primitive" name="cube" ><reflective r="1" g="1" b="1"/><shininess v="18.1815"/><specular r="1" g="1" b="1"/><diffuse r=".1" g=".1" b=".1"/></object></transblock>
                            <transblock><translate x="2.5" y="0" z="0"/><object type="primitive" name="cube" ><reflective r="1" g="1" b="1"/><shininess v="18.1815"/><specular r="1" g="1" b="1"/><diffuse r=".1" g=".1" b=".1"/></object></transblock>
                            <transblock><translate x="3.75" y="0" z="0"/><object type="primitive" name="cube" ><reflective r="1" g="1" b="1"/><shininess v="18.1815"/><specular r="1" g="1" b="1"/><diffuse r=".1" g=".1" b=".1"/></object></transblock>
                    </object></transblock><transblock><translate x="0" y="0" z="3.75"/><object type="tree">
                            <transblock><translate x="0" y="0" z="0"/><object type="primitive" name="cube" ><reflective r="1" g="1" b="1"/><shininess v="18.1815"/><specular r="1" g="1" b="1"/><diffuse r=".1" g=".1" b=".1"/></object></transblock>
                            <transblock><translate x="1.25" y="0" z="0"/><object type="primitive" name="cube" ><reflective r="1" g="1" b="1"/><shininess v="18.1815"/><specular r="1" g="1" b="1"/><diffuse r=".1" g=".1" b=".1"/></object></transblock>
                            <transblock><translate x="2.5" y="0" z="0"/><object type="primitive" name="cube" ><reflective r="1" g="1" b="1"/><shininess v="18.1815"/><specular r="1" g="1" b="1"/><diffuse r=".1" g=".1" b=".1"/></object></transblock>
                            <transblock><translate x="3.75" y="0" z="0"/><object type="primitive" name="cube" ><reflective r="1" g="1" b="1"/><shininess v="18.1815"/><specular r="1" g="1" b="1"/><diffuse r=".1" g=".1" b=".1"/></object></transblock>
                    </object></transblock></object></transblock>
                <transblock><translate x="0" y="0" z="0"/><object type="tree"><transblock><translate x="0" y="0" z="0"/><object type="tree">
                            <transblock><translate x="0" y="0" z="0"/><object type="primitive" name="cube" ><reflective r="1" g="1" b="1"/><shininess v="18.1815"/><specular r="1" g="1" b="1"/><diffuse r=".1" g=".1" b=".1"/></object></transblock>
                            <transblock><translate x="1.25" y="0" z="0"/><object type="primitive" name="cube" ><reflective r="1" g="1" b="1"/><shininess v="18.1815"/><specular r="1" g="1" b="1"/><diffuse r=".1" g=".1" b=".1"/></object></transblock>
                            <transblock><translate x="2.5" y="0" z="0"/><object type="primitive" name="cube" ><reflective r="1" g="1" b="1"/><shininess v="18.1815"/><specular r="1" g="1" b="1"/><diffuse r=".1" g=".1" b=".1"/></object></transblock>
                            <transblock><translate x="3.75" y="0" z="0"/><object type="primitive" name="cube" ><reflective r="1" g="1" b="1"/><shininess v="18.1815"/><specular r="1" g="1" b="1"/><diffuse r=".1" g=".1" b=".1"/></object></transblock>
                    </object></transblock><transblock><translate x="0" y="0" z="1.25"/><object type="tree">
                            <transblock><translate x="0" y="0" z="0"/><object type="primitive" name="cube" ><reflective r="1" g="1" b="1"/><shininess v="18.1815"/><specular r="1" g="1" b="1"/><diffuse r=".1" g=".1" b=".1"/></object></transblock>
                            <transblock><translate x="1.25" y="0" z="0"/><object type="primitive" name="cube" ><reflective r="1" g="1" b="1"/><shininess v="18.1815"/><specular r="1" g="1" b="1"/><diffuse r=".1" g=".1" b=".1"/></object></transblock>
                            <transblock><translate x="2.5" y="0" z="0"/><object type="primitive" name="cube" ><reflective r="1" g="1" b="1"/><shininess v="18.1815"/><specular r="1" g="1" b="1"/><diffuse r=".1" g=".1" b=".1"/></object></transblock>
                            <transblock><translate x="3.75" y="0" z="0"/><object type="primitive" name="cube" ><reflective r="1" g="1" b="1"/><shininess v="18.1815"/><specular r="1" g="1" b="1"/><diffuse r=".1" g=".1" b=".1"/></object></transblock>
                    </object></transblock><transblock><translate x="0" y="0" z="2.5"/><object type="tree">
                            <transblock><translate x="0" y="0" z="0"/><object type="primitive" name="cube" ><reflective r="1" g="1" b="1"/><shininess v="18.1815"/><specular r="1" g="1" b="1"/><diffuse r=".1" g=".1" b=".1"/></object></transblock>
                            <transblock><translate x="1.25" y="0" z="0"/><object type="primitive" name="cube" ><reflective r="1" g="1" b="1"/><shininess v="18.1815"/><specular r="1" g="1" b="1"/><diffuse r=".1" g=".1" b=".1"/></object></transblock>
                            <transblock><translate x="2.5" y="0" z="0"/><object type="primitive" name="cube" ><reflective r="1" g="1" b="1"/><shininess v="18.1815"/><specular r="1" g="1" b="1"/><diffuse r=".1" g=".1" b=".1"/></object></transblock>
                            <transblock><translate x="3.75" y="0" z="0"/><object type="primitive" name="cube" ><reflective r="1" g="1" b="1"/><shininess v="18.1815"/><specular r="1" g="1" b="1"/><diffuse r=".1" g=".1" b=".1"/></object></transblock>
                    </object></transblock><transblock><translate x="0" y="0" z="3.75"/><object type="tree">
                            <transblock><translate x="0" y="0" z="0"/><object type="primitive" name="cube" ><reflective r="1" g="1" b="1"/><shininess v="18.1815"/><specular r="1" g="1" b="1"/><diffuse r=".1" g=".1" b=".1"/></object></transblock>
                            <transblock><translate x="1.25" y="0" z="0"/><object type="primitive" name="cube" ><reflective r="1" g="1" b="1"/><shininess v="18.1815"/><specular r="1" g="1" b="1"/><diffuse r=".1" g=".1" b=".1"/></object></transblock>
                            <transblock><translate x="2.5" y="0" z="0"/><object type="primitive" name="cube" ><reflective r="1" g="1" b="1"/><shininess v="18.1815"/><specular r="1" g="1" b="1"/><diffuse r=".1" g=".1" b=".1"/></object></transblock>
                            <transblock><translate x="3.75" y="0" z="0"/><object type="primitive" name="cube" ><reflective r="1" g="1" b="1"/><shininess v="18.1815"/><specular r="1" g="1" b="1"/><diffuse r=".1" g=".1" b=".1"/></object></transblock>
                    </object></transblock></object></transblock>
                <transblock><translate x="0" y="1.25" z="0.05"/><rotate x="1" y="0" z="0" angle="2.5"/><object type="tree"><transblock><translate x="0" y="0" z="0"/><object type="tree">
                            <transblock><translate x="0" y="0" z="0"/><object type="primitive" name="cube" ><reflective r="1" g="1" b="1"/><shininess v="18.1815"/><specular r="1" g="1" b="1"/><diffuse r=".1" g=".1" b=".1"/></object></transblock>
                            <transblock><translate x="1.25" y="0" z="0"/><object type="primitive" name="cube" ><reflective r="1" g="1" b="1"/><shininess v="18.1815"/><specular r="1" g="1" b="1"/><diffuse r=".1" g=".1" b=".1"/></object></transblock>
                            <transblock><translate x="2.5" y="0" z="0"/><object type="primitive" name="cube" ><reflective r="1" g="1" b="1"/><shininess v="18.1815"/><specular r="1" g="1" b="1"/><diffuse r=".1" g=".1" b=".1"/></object></transblock>
                            <transblock><translate x="3.75" y="0" z="0"/><object type="primitive" name="cube" ><reflective r="1" g="1" b="1"/><shininess v="18.1815"/><specular r="1" g="1" b="1"/><diffuse r=".1" g=".1" b=".1"/></object></transblock>
                    </object></transblock><transblock><translate x="0" y="0" z="1.25"/><object type="tree">
                            <transblock><translate x="0" y="0" z="0"/><object type="primitive" name="cube" ><reflective r="1" g="1" b="1"/><shininess v="18.1815"/><specular r="1" g="1" b="1"/><diffuse r=".1" g=".1" b=".1"/></object></transblock>
                            <transblock><translate x="1.25" y="0" z="0"/><object type="primitive" name="cube" ><reflective r="1" g="1" b="1"/><shininess v="18.1815"/><specular r="1" g="1" b="1"/><diffuse r=".1" g=".1" b=".1"/></object></transblock>
                            <transblock><translate x="2.5" y="0" z="0"/><object type="primitive" name="cube" ><reflective r="1" g="1" b="1"/><shininess v="18.1815"/><specular r="1" g="1" b="1"/><diffuse r=".1" g=".1" b=".1"/></object></transblock>
                            <transblock><translate x="3.75" y="0" z="0"/><object type="primitive" name="cube" ><reflective r="1" g="1" b="1"/><shininess v="18.1815"/><specular r="1" g="1" b="1"/><diffuse r=".1" g=".1" b=".1"/></object></transblock>
                    </object></transblock><transblock><translate x="0" y="0" z="2.5"/><object type="tree">
                            <transblock><translate x="0" y="0" z="0"/><object type="primitive" name="cube" ><reflective r="1" g="1" b="1"/><shininess v="18.1815"/><specular r="1" g="1" b="1"/><diffuse r=".1" g=".1" b=".1"/></object></transblock>
                            <transblock><translate x="1.25" y="0" z="0"/><object type="primitive" name="cube" ><reflective r="1" g="1" b="1"/><shininess v="18.1815"/><specular r="1" g="1" b="1"/><diffuse r=".1" g=".1" b=".1"/></object></transblock>
                            <transblock><translate x="2.5" y="0" z="0"/><object type="primitive" name="cube" ><reflective r="1" g="1" b="1"/><shininess v="18.1815"/><specular r="1" g="1" b="1"/><diffuse r=".1" g=".1" b=".1"/></object></transblock>
                            <transblock><translate x="3.75" y="0" z="0"/><object type="primitive" name="cube" ><reflective r="1" g="1" b="1"/><shininess v="18.1815"/><specular r="1" g="1" b="1"/><diffuse r=".1" g=".1" b=".1"/></object></transblock>
                    </object></transblock><transblock><translate x="0" y="0" z="3.75"/><object type="tree">
                            <transblock><translate x="0" y="0" z="0"/><object type="primitive" name="cube" ><reflective r="1" g="1" b="1"/><shininess v="18.1815"/><specular r="1" g="1" b="1"/><diffuse r=".1" g=".1" b=".1"/></object></transblock>
                            <transblock><translate x="1.25" y="0" z="0"/><object type="primitive" name="cube" ><reflective r="1" g="1" b="1"/><shininess v="18.1815"/><specular r="1" g="1" b="1"/><diffuse r=".1" g=".1" b=".1"/></object></transblock>
                            <transblock><translate x="2.5" y="0" z="0"/><object type="primitive" name="cube" ><reflective r="1" g="1" b="1"/><shininess v="18.1815"/><specular r="1" g="1" b="1"/><diffuse r=".1" g=".1" b=".1"/></object></transblock>
                            <transblock><translate x="3.75" y="0" z="0"/><object type="primitive" name="cube" ><reflective r="1" g="1" b="1"/><shininess v="18.1815"/><specular r="1" g="1" b="1"/><diffuse r=".1" g=".1" b=".1"/></object></transblock>
                    </object></transblock></object></transblock>
                <transblock><translate x="0" y="2.5" z="0.1"/><rotate x="1" y="0" z="0" angle="5"/><object type="tree"><transblock><translate x="0" y="0" z="0"/><object type="tree">
                            <transblock><translate x="0" y="0" z="0"/><object type="primitive" name="cube" ><reflective r="1" g="1" b="1"/><shininess v="18.1815"/><specular r="1" g="1" b="1"/><diffuse r=".1" g=".1" b=".1"/></object></transblock>
                            <transblock><translate x="1.25" y="0" z="0"/><object type="primitive" name="cube" ><reflective r="1" g="1" b="1"/><shininess v="18.1815"/><specular r="1" g="1" b="1"/><diffuse r=".1" g=".1" b=".1"/></object></transblock>
                            <transblock><translate x="2.5" y="0" z="0"/><object type="primitive" name="cube" ><reflective r="1" g="1" b="1"/><shininess v="18.1815"/><specular r="1" g="1" b="1"/><diffuse r=".1" g=".1" b=".1"/></object></transblock>
                            <transblock><translate x="3.75" y="0" z="0"/><object type="primitive" name="cube" ><reflective r="1" g="1" b="1"/><shininess v="18.1815"/><specular r="1" g="1" b="1"/><diffuse r=".1" g=".1" b=".1"/></object></transblock>
                    </object></transblock><transblock><translate x="0" y="0" z="1.25"/><object type="tree">
                            <transblock><translate x="0" y="0" z="0"/><object type="primitive" name="cube" ><reflective r="1" g="1" b="1"/><shininess v="18.1815"/><specular r="1" g="1" b="1"/><diffuse r=".1" g=".1" b=".1"/></object></transblock>
                            <transblock><translate x="1.25" y="0" z="0"/><object type="primitive" name="cube" ><reflective r="1" g="1" b="1"/><shininess v="18.1815"/><specular r="1" g="1" b="1"/><diffuse r=".1" g=".1" b=".1"/></object></transblock>
                            <transblock><translate x="2.5" y="0" z="0"/><object type="primitive" name="cube" ><reflective r="1" g="1" b="1"/><shininess v="18.1815"/><specular r="1" g="1" b="1"/><diffuse r=".1" g=".1" b=".1"/></object></transblock>
                            <transblock><translate x="3.75" y="0" z="0"/><object type="primitive" name="cube" ><reflective r="1" g="1" b="1"/><shininess v="18.1815"/><specular r="1" g="1" b="1"/><diffuse r=".1" g=".1" b=".1"/></object></transblock>
                    </object></transblock><transblock><translate x="0" y="0" z="2.5"/><object type="tree">
                            <transblock><translate x="0" y="0" z="0"/><object type="primitive" name="cube" ><reflective r="1" g="1" b="1"/><shininess v="18.1815"/><specular r="1" g="1" b="1"/><diffuse r=".1" g=".1" b=".1"/></object></transblock>
                            <transblock><translate x="1.25" y="0" z="0"/><object type="primitive" name="cube" ><reflective r="1" g="1" b="1"/><shininess v="18.1815"/><specular r="1" g="1" b="1"/><diffuse r=".1" g=".1" b=".1"/></object></transblock>
                            <transblock><translate x="2.5" y="0" z="0"/><object type="primitive" name="cube" ><reflective r="1" g="1" b="1"/><shininess v="18.1815"/><specular r="1" g="1" b="1"/><diffuse r=".1" g=".1" b=".1"/></object></transblock>
                            <transblock><translate x="3.75" y="0" z="0"/><object type="primitive" name="cube" ><reflective r="1" g="1" b="1"/><shininess v="18.1815"/><specular r="1" g="1" b="1"/><diffuse r=".4" g=".1" b=".1"/></object></transblock>
                    </object></transblock><transblock><translate x="0" y="0" z="3.75"/><object type="tree">
                            <transblock><translate x="0" y="0" z="0"/><object type="primitive" name="cube" ><reflective r="1" g="1" b="1"/><shininess v="18.1815"/><specular r="1" g="1" b="1"/><diffuse r=".1" g=".1" b=".1"/></object></transblock>
                            <transblock><translate x="1.25" y="0" z="0"/><object type="primitive" name="cube" ><reflective r="1" g="1" b="1"/><shininess v="18.1815"/><specular r="1" g="1" b="1"/><diffuse r=".1" g=".1" b=".1"/></object></transblock>
                            <transblock><translate x="2.5" y="0" z="0"/><object type="primitive" name="cube" ><reflective r="1" g="1" b="1"/><shininess v="18.1815"/><specular r="1" g="1" b="1"/><diffuse r=".1" g=".1" b=".1"/></object></transblock>
                            <transblock><translate x="3.75" y="0" z="0"/><object type="primitive" name="cube" ><reflective r="1" g="1" b="1"/><shininess v="18.1815"/><specular r="1" g="1" b="1"/><diffuse r=".1" g=".1" b=".1"/></object></transblock>
                </object></transblock></object></transblock>
                <transblock><translate x="0" y="3.75" z="0.2"/><rotate x="1" y="0" z="0" angle="7.5"/><object type="tree"><transblock><translate x="0" y="0" z="0"/><object type="tree">
                            <transblock><translate x="0" y="0" z="0"/><object type="primitive" name="cube" ><reflective r="1" g="1" b="1"/><shininess v="18.1815"/><specular r="1" g="1" b="1"/><diffuse r=".1" g=".1" b=".1"/></object></transblock>
                            <transblock><translate x="1.25" y="0" z="0"/><object type="primitive" name="cube" ><reflective r="1" g="1" b="1"/><shininess v="18.1815"/><specular r="1" g="1" b="1"/><diffuse r=".1" g=".1" b=".1"/></object></transblock>
                            <transblock><translate x="2.5" y="0" z="0"/><object type="primitive" name="cube" ><reflective r="1" g="1" b="1"/><shininess v="18.1815"/><specular r="1" g="1" b="1"/><diffuse r=".1" g=".1" b=".1"/></object></transblock>
                            <transblock><translate x="3.75" y="0" z="0"/><object type="primitive" name="cube" ><reflective r="1" g="1" b="1"/><shininess v="18.1815"/><specular r="1" g="1" b="1"/><diffuse r=".1" g=".1" b=".1"/></object></transblock>
                    </object></transblock><transblock><translate x="0" y="0" z="1.25"/><object type="tree">
                            <transblock><translate x="0" y="0" z="0"/><object type="primitive" name="cube" ><reflective r="1" g="1" b="1"/><shininess v="18.1815"/><specular r="1" g="1" b="1"/><diffuse r=".1" g=".1" b=".1"/></object></transblock>
                            <transblock><translate x="1.25" y="0" z="0"/><object type="primitive" name="cube" ><reflective r="1" g="1" b="1"/><shininess v="18.1815"/><specular r="1" g="1" b="1"/><diffuse r=".1" g=".1" b=".1"/></object></transblock>
                            <transblock><translate x="2.5" y="0" z="0"/><object type="primitive" name="cube" ><reflective r="1" g="1" b="1"/><shininess v="18.1815"/><specular r="1" g="1" b="1"/><diffuse r=".1" g=".1" b=".1"/></object></transblock>
                            <transblock><translate x="3.75" y="0" z="0"/><object type="primitive" name="cube" ><reflective r="1" g="1" b="1"/><shininess v="18.1815"/><specular r="1" g="1" b="1"/><diffuse r=".1" g=".1" b=".1"/></object></transblock>
                    </object></transblock><transblock><translate x="0" y="0" z="2.5"/><object type="tree">
                            <transblock><translate x="0" y="0" z="0"/><object type="primitive" name="cube" ><reflective r="1" g="1" b="1"/><shininess v="18.1815"/><specular r="1" g="1" b="1"/><diffuse r=".1" g=".1" b=".1"/></object></transblock>
                            <transblock><translate x="1.25" y="0" z="0"/><object type="primitive" name="cube" ><reflective r="1" g="1" b="1"/><shininess v="18.1815"/><specular r="1" g="1" b="1"/><diffuse r=".1" g=".1" b=".1"/></object></transblock>
                            <transblock><translate x="2.5" y="0" z="0"/><object type="primitive" name="cube" ><reflective r="1" g="1" b="1"/><shininess v="18.1815"/><specular r="1" g="1" b="1"/><diffuse r=".1" g=".1" b=".1"/></object></transblock>
                            <transblock><translate x="3.75" y="0" z="0"/><object type="primitive" name="cube" ><reflective r="1" g="1" b="1"/><shininess v="18.1815"/><specular r="1" g="1" b="1"/><diffuse r=".1" g=".1" b=".1"/></object></transblock>
                    </object></transblock><transblock><translate x="0" y="0" z="3.75"/><object type="tree">
                            <transblock><translate x="0" y="0" z="0"/><object type="primitive" name="cube" ><reflective r="1" g="1" b="1"/><shininess v="18.1815"/><specular r="1" g="1" b="1"/><diffuse r=".1" g=".1" b=".1"/></object></transblock>
                            <transblock><translate x="1.25" y="0" z="0"/><object type="primitive" name="cube" ><reflective r="1" g="1" b="1"/><shininess v="18.1815"/><specular r="1" g="1" b="1"/><diffuse r=".1" g=".1" b=".1"/></object></transblock>
                            <transblock><translate x="2.5" y="0" z="0"/><object type="primitive" name="cube" ><reflective r="1" g="1" b="1"/><shininess v="18.1815"/><specular r="1" g="1" b="1"/><diffuse r=".1" g=".1" b=".1"/></object></transblock>
                            <transblock><translate x="3.75" y="0" z="0"/><object type="primitive" name="cube" ><reflective r="1" g="1" b="1"/><shininess v="18.1815"/><specular r="1" g="1" b="1"/><diffuse r=".1" g=".1" b=".1"/></object></transblock>
                </object></transblock></object></transblock>
                <transblock><translate x="0" y="5" z="0.4"/><rotate x="1" y="0" z="0" angle="9"/><object type="tree"><transblock><translate x="0" y="0" z="0"/><object type="tree">
                            <transblock><translate x="0" y="0" z="0"/><object type="primitive" name="cube" ><reflective r="1" g="1" b="1"/><shininess v="18.1815"/><specular r="1" g="1" b="1"/><diffuse r=".1" g=".1" b=".1"/></object></transblock>
                            <transblock><translate x="1.25" y="0" z="0"/><object type="primitive" name="cube" ><reflective r="1" g="1" b="1"/><shininess v="18.1815"/><specular r="1" g="1" b="1"/><diffuse r=".1" g=".1" b=".1"/></object></transblock>
                            <transblock><translate x="2.5" y="0" z="0"/><object type="primitive" name="cube" ><reflective r="1" g="1" b="1"/><shininess v="18.1815"/><specular r="1" g="1" b="1"/><diffuse r=".1" g=".1" b=".1"/></object></transblock>
                            <transblock><translate x="3.75" y="0" z="0"/><object type="primitive" name="cube" ><reflective r="1" g="1" b="1"/><shininess v="18.1815"/><specular r="1" g="1" b="1"/><diffuse r=".1" g=".1" b=".1"/></object></transblock>
                    </object></transblock><transblock><translate x="0" y="0" z="1.25"/><object type="tree">
                            <transblock><translate x="0" y="0" z="0"/><object type="primitive" name="cube" ><reflective r="1" g="1" b="1"/><shininess v="18.1815"/><specular r="1" g="1" b="1"/><diffuse r=".1" g=".1" b=".1"/></object></transblock>
                            <transblock><translate x="1.25" y="0" z="0"/><object type="primitive" name="cube" ><reflective r="1" g="1" b="1"/><shininess v="18.1815"/><specular r="1" g="1" b="1"/><diffuse r=".1" g=".1" b=".1"/></object></transblock>
                            <transblock><translate x="2.5" y="0" z="0"/><object type="primitive" name="cube" ><reflective r="1" g="1" b="1"/><shininess v="18.1815"/><specular r="1" g="1" b="1"/><diffuse r=".1" g=".1" b=".1"/></object></transblock>
                            <transblock><translate x="3.75" y="0" z="0"/><object type="primitive" name="cube" ><reflective r="1" g="1" b="1"/><shininess v="18.1815"/><specular r="1" g="1" b="1"/><diffuse r=".1" g=".1" b=".1"/></object></transblock>
                    </object></transblock><transblock><translate x="0" y="0" z="2.5"/><object type="tree">
                            <transblock><translate x="0" y="0" z="0"/><object type="primitive" name="cube" ><reflective r="1" g="1" b="1"/><shininess v="18.1815"/><specular r="1" g="1" b="1"/><diffuse r=".1" g=".1" b=".1"/></object></transblock>
                            <transblock><translate x="1.25" y="0" z="0"/><object type="primitive" name="cube" ><reflective r="1" g="1" b="1"/><shininess v="18.1815"/><specular r="1" g="1" b="1"/><diffuse r=".1" g=".1" b=".1"/></object></transblock>
                            <transblock><translate x="2.5" y="0" z="0"/><object type="primitive" name="cube" ><reflective r="1" g="1" b="1"/><shininess v="18.1815"/><specular r="1" g="1" b="1"/><diffuse r=".1" g=".1" b=".1"/></object></transblock>
                            <transblock><translate x="3.75" y="0" z="0"/><object type="primitive" name="cube" ><reflective r="1" g="1" b="1"/><shininess v="18.1815"/><specular r="1" g="1" b="1"/><diffuse r=".1" g=".1" b=".1"/></object></transblock>
                    </object></transblock><transblock><translate x="0" y="0" z="3.75"/><object type="tree">
                            <transblock><translate x="0" y="0" z="0"/><object type="primitive" name="cube" ><reflective r="1" g="1" b="1"/><shininess v="18.1815"/><specular r="1" g="1" b="1"/><diffuse r=".1" g=".1" b=".1"/></object></transblock>
                            <transblock><translate x="1.25" y="0" z="0"/><object type="primitive" name="cube" ><reflective r="1" g="1" b="1"/><shininess v="18.1815"/><specular r="1" g="1" b="1"/><diffuse r=".1" g=".1" b=".1"/></object></transblock>
                            <transblock><translate x="2.5" y="0" z="0"/><object type="primitive" name="cube" ><reflective r="1" g="1" b="1"/><shininess v="18.1815"/><specular r="1" g="1" b="1"/><diffuse r=".1" g=".1" b=".1"/></object></transblock>
                            <transblock><translate x="3.75" y="0" z="0"/><object type="primitive" name="cube" ><reflective r="1" g="1" b="1"/><shininess v="18.1815"/><specular r="1" g="1" b="1"/><diffuse r=".1" g=".1" b=".1"/></object></transblock>
                </object></transblock></object></transblock>
                <transblock><translate x="0" y="6.25" z="0.6"/><rotate x="1" y="0" z="0" angle="10.5"/><object type="tree"><transblock><translate x="0" y="0" z="0"/><object type="tree">
                            <transblock><translate x="0" y="0" z="0"/><object type="primitive" name="cube" ><reflective r="1" g="1" b="1"/><shininess v="18.1815"/><specular r="1" g="1" b="1"/><diffuse r=".1" g=".1" b=".1"/></object></transblock>
                            <transblock><translate x="1.25" y="0" z="0"/><object type="primitive" name="cube" ><reflective r="1" g="1" b="1"/><shininess v="18.1815"/><specular r="1" g="1" b="1"/><diffuse r=".1" g=".1" b=".1"/></object></transblock>
                            <transblock><translate x="2.5" y="0" z="0"/><object type="primitive" name="cube" ><reflective r="1" g="1" b="1"/><shininess v="18.1815"/><specular r="1" g="1" b="1"/><diffuse r=".1" g=".1" b=".1"/></object></transblock>
                            <transblock><translate x="3.75" y="0" z="0"/><object type="primitive" name="cube" ><reflective r="1" g="1" b="1"/><shininess v="18.1815"/><specular r="1" g="1" b="1"/><diffuse r=".1" g=".1" b=".1"/></object></transblock>
                    </object></transblock><transblock><translate x="0" y="0" z="1.25"/><object type="tree">
                            <transblock><translate x="0" y="0" z="0"/><object type="primitive" name="cube" ><reflective r="1" g="1" b="1"/><shininess v="18.1815"/><specular r="1" g="1" b="1"/><diffuse r=".1" g=".1" b=".1"/></object></transblock>
                            <transblock><translate x="1.25" y="0" z="0"/><object type="primitive" name="cube" ><reflective r="1" g="1" b="1"/><shininess v="18.1815"/><specular r="1" g="1" b="1"/><diffuse r=".1" g=".1" b=".1"/></object></transblock>
                            <transblock><translate x="2.5" y="0" z="0"/><object type="primitive" name="cube" ><reflective r="1" g="1" b="1"/><shininess v="18.1815"/><specular r="1" g="1" b="1"/><diffuse r=".1" g=".1" b=".1"/></object></transblock>
                            <transblock><translate x="3.75" y="0" z="0"/><object type="primitive" name="cube" ><reflective r="1" g="1" b="1"/><shininess v="18.1815"/><specular r="1" g="1" b="1"/><diffuse r=".1" g=".1" b=".1"/></object></transblock>
                    </object></transblock><transblock><translate x="0" y="0" z="2.5"/><object type="tree">
                            <transblock><translate x="0" y="0" z="0"/><object type="primitive" name="cube" ><reflective r="1" g="1" b="1"/><shininess v="18.1815"/><specular r="1" g="1" b="1"/><diffuse r=".1" g=".1" b=".1"/></object></transblock>
                            <transblock><translate x="1.25" y="0" z="0"/><object type="primitive" name="cube" ><reflective r="1" g="1" b="1"/><shininess v="18.1815"/><specular r="1" g="1" b="1"/><diffuse r=".1" g=".1" b=".1"/></object></transblock>
                            <transblock><translate x="2.5" y="0" z="0"/><object type="primitive" name="cube" ><reflective r="1" g="1" b="1"/><shininess v="18.1815"/><specular r="1" g="1" b="1"/><diffuse r=".1" g=".1" b=".1"/></object></transblock>
                            <transblock><translate x="3.75" y="0" z="0"/><object type="primitive" name="cube" ><reflective r="1" g="1" b="1"/><shininess v="18.1815"/><specular r="1" g="1" b="1"/><diffuse r=".1" g=".1" b=".1"/></object></transblock>
                    </object></transblock><transblock><translate x="0" y="0" z="3.75"/><object type="tree">
                            <transblock><translate x="0" y="0" z="0"/><object type="primitive" name="cube" ><reflective r="1" g="1" b="1"/><shininess v="18.1815"/><specular r="1" g="1" b="1"/><diffuse r=".1" g=".1" b=".1"/></object></transblock>
                            <transblock><translate x="1.25" y="0" z="0"/><object type="primitive" name="cube" ><reflective r="1" g="1" b="1"/><shininess v="18.1815"/><specular r="1" g="1" b="1"/><diffuse r=".1" g=".1" b=".1"/></object></transblock>
                            <transblock><translate x="2.5" y="0" z="0"/><object type="primitive" name="cube" ><reflective r="1" g="1" b="1"/><shininess v="18.1815"/><specular r="1" g="1" b="1"/><diffuse r=".1" g=".1" b=".1"/></object></transblock>
                            <transblock><translate x="3.75" y="0" z="0"/><object type="primitive" name="cube" ><reflective r="1" g="1" b="1"/><shininess v="18.1815"/><specular r="1" g="1" b="1"/><diffuse r=".1" g=".1" b=".1"/></object></transblock>
                </object></transblock></object></transblock>
                <transblock><translate x="0" y="7.5" z="0.8"/><rotate x="1" y="0" z="0" angle="12"/><object type="tree"><transblock><translate x="0" y="0" z="0"/><object type="tree">
                            <transblock><translate x="0" y="0" z="0"/><object type="primitive" name="cube" ><reflective r="1" g="1" b="1"/><shininess v="18.1815"/><specular r="1" g="1" b="1"/><diffuse r=".1" g=".1" b=".1"/></object></transblock>
                            <transblock><translate x="1.25" y="0" z="0"/><object type="primitive" name="cube" ><reflective r="1" g="1" b="1"/><shininess v="18.1815"/><specular r="1" g="1" b="1"/><diffuse r=".1" g=".1" b=".1"/></object></transblock>
                            <transblock><translate x="2.5" y="0" z="0"/><object type="primitive" name="cube" ><reflective r="1" g="1" b="1"/><shininess v="18.1815"/><specular r="1" g="1" b="1"/><diffuse r=".1" g=".1" b=".1"/></object></transblock>
                            <transblock><translate x="3.75" y="0" z="0"/><object type="primitive" name="cube" ><reflective r="1" g="1" b="1"/><shininess v="18.1815"/><specular r="1" g="1" b="1"/><diffuse r=".1" g=".1" b=".1"/></object></transblock>
                    </object></transblock><transblock><translate x="0" y="0" z="1.25"/><object type="tree">
                            <transblock><translate x="0" y="0" z="0"/><object type="primitive" name="cube" ><reflective r="1" g="1" b="1"/><shininess v="18.1815"/><specular r="1" g="1" b="1"/><diffuse r=".1" g=".1" b=".1"/></object></transblock>
                            <transblock><translate x="1.25" y="0" z="0"/><object type="primitive" name="cube" ><reflective r="1" g="1" b="1"/><shininess v="18.1815"/><specular r="1" g="1" b="1"/><diffuse r=".1" g=".1" b=".1"/></object></transblock>
                            <transblock><translate x="2.5" y="0" z="0"/><object type="primitive" name="cube" ><reflective r="1" g="1" b="1"/><shininess v="18.1815"/><specular r="1" g="1" b="1"/><diffuse r=".1" g=".1" b=".1"/></object></transblock>
                            <transblock><translate x="3.75" y="0" z="0"/><object type="primitive" name="cube" ><reflective r="1" g="1" b="1"/><shininess v="18.1815"/><specular r="1" g="1" b="1"/><diffuse r=".1" g=".1" b=".1"/></object></transblock>
                    </object></transblock><transblock><translate x="0" y="0" z="2.5"/><object type="tree">
                            <transblock><translate x="0" y="0" z="0"/><object type="primitive" name="cube" ><reflective r="1" g="1" b="1"/><shininess v="18.1815"/><specular r="1" g="1" b="1"/><diffuse r=".1" g=".1" b=".1"/></object></transblock>
                            <transblock><translate x="1.25" y="0" z="0"/><object type="primitive" name="cube" ><reflective r="1" g="1" b="1"/><shininess v="18.1815"/><specular r="1" g="1" b="1"/><diffuse r=".1" g=".1" b=".1"/></object></transblock>
                            <transblock><translate x="2.5" y="0" z="0"/><object type="primitive" name="cube" ><reflective r="1" g="1" b="1"/><shininess v="18.1815"/><specular r="1" g="1" b="1"/><diffuse r=".1" g=".1" b=".1"/></object></transblock>
                            <transblock><translate x="3.75" y="0" z="0"/><object type="primitive" name="cube" ><reflective r="1" g="1" b="1"/><shininess v="18.1815"/><specular r="1" g="1" b="1"/><diffuse r=".1" g=".1" b=".1"/></object></transblock>
                    </object></transblock><transblock><translate x="0" y="0" z="3.75"/><object type="tree">
                            <transblock><translate x="0" y="0" z="0.1"/><object type="primitive" name="cube" ><reflective r="1" g="1" b="1"/><shininess v="18.1815"/><specular r="1" g="1" b="1"/><diffuse r=".1" g=".1" b=".1"/></object></transblock>
                            <transblock><translate x="1.25" y="0" z="0.3"/><object type="primitive" name="cube" ><reflective r="1" g="1" b="1"/><shininess v="18.1815"/><specular r="1" g="1" b="1"/><diffuse r=".1" g=".1" b=".1"/></object></transblock>
                            <transblock><translate x="2.5" y="0" z="0.1"/><object type="primitive" name="cube" ><reflective r="1" g="1" b="1"/><shininess v="18.1815"/><specular r="1" g="1" b="1"/><diffuse r=".1" g=".1" b=".1"/></object></transblock>
                            <transblock><translate x="3.75" y="0" z="0.1"/><rotate x=".25" y=".25" z=".5" angle="5"/><object type="primitive" name="cube" ><reflective r="1" g="1" b="1"/><shininess v="18.1815"/><specular r="1" g="1" b="1"/><diffuse r=".1" g=".1" b=".1"/></object></transblock>
                </object></transblock></object></transblock>
                <transblock><translate x="0" y="8.75" z="1.0"/><rotate x="1" y="0" z="0" angle="13.5"/><object type="tree"><transblock><translate x="0" y="0" z="0"/><object type="tree">
                            <transblock><translate x="0" y="0" z="0"/><object type="primitive" name="cube" ><reflective r="1" g="1" b="1"/><shininess v="18.1815"/><specular r="1" g="1" b="1"/><diffuse r=".1" g=".1" b=".1"/></object></transblock>
                            <transblock><translate x="1.25" y="0" z="0"/><object type="primitive" name="cube" ><reflective r="1" g="1" b="1"/><shininess v="18.1815"/><specular r="1" g="1" b="1"/><diffuse r=".1" g=".1" b=".1"/></object></transblock>
                            <transblock><translate x="2.5" y="0" z="0"/><object type="primitive" name="cube" ><reflective r="1" g="1" b="1"/><shininess v="18.1815"/><specular r="1" g="1" b="1"/><diffuse r=".1" g=".1" b=".1"/></object></transblock>
                            <transblock><translate x="3.75" y="0" z="0"/><object type="primitive" name="cube" ><reflective r="1" g="1" b="1"/><shininess v="18.1815"/><specular r="1" g="1" b="1"/><diffuse r=".1" g=".4" b=".1"/></object></transblock>
                    </object></transblock><transblock><translate x="0" y="0" z="1.25"/><object type="tree">
                            <transblock><translate x="0" y="0" z="0"/><object type="primitive" name="cube" ><reflective r="1" g="1" b="1"/><shininess v="18.1815"/><specular r="1" g="1" b="1"/><diffuse r=".1" g=".1" b=".1"/></object></transblock>
                            <transblock><translate x="1.25" y="0" z="0"/><object type="primitive" name="cube" ><reflective r="1" g="1" b="1"/><shininess v="18.1815"/><specular r="1" g="1" b="1"/><diffuse r=".1" g=".1" b=".1"/></object></transblock>
                            <transblock><translate x="2.5" y="0" z="0"/><object type="primitive" name="cube" ><reflective r="1" g="1" b="1"/><shininess v="18.1815"/><specular r="1" g="1" b="1"/><diffuse r=".1" g=".1" b=".1"/></object></transblock>
                            <transblock><translate x="3.75" y="0" z="0"/><object type="primitive" name="cube" ><reflective r="1" g="1" b="1"/><shininess v="18.1815"/><specular r="1" g="1" b="1"/><diffuse r=".1" g=".1" b=".1"/></object></transblock>
                    </object></transblock><transblock><translate x="0" y="0" z="2.5"/><object type="tree">
                            <transblock><translate x="0" y="0" z="0"/><object type="primitive" name="cube" ><reflective r="1" g="1" b="1"/><shininess v="18.1815"/><specular r="1" g="1" b="1"/><diffuse r=".1" g=".1" b=".1"/></object></transblock>
                            <transblock><translate x="1.25" y="0" z="0"/><object type="primitive" name="cube" ><reflective r="1" g="1" b="1"/><shininess v="18.1815"/><specular r="1" g="1" b="1"/><diffuse r=".1" g=".1" b=".1"/></object></transblock>
                            <transblock><translate x="2.5" y="0" z="0"/><object type="primitive" name="cube" ><reflective r="1" g="1" b="1"/><shininess v="18.1815"/><specular r="1" g="1" b="1"/><diffuse r=".1" g=".1" b=".1"/></object></transblock>
                            <transblock><translate x="3.75" y="0" z="0"/><object type="primitive" name="cube" ><reflective r="1" g="1" b="1"/><shininess v="18.1815"/><specular r="1" g="1" b="1"/><diffuse r=".1" g=".1" b=".1"/></object></transblock>
                    </object></transblock><transblock><translate x="0" y="0" z="3.75"/><object type="tree">
                            <transblock><translate x="0" y="0" z="1"/><object type="primitive" name="cube" ><reflective r="1" g="1" b="1"/><shininess v="18.1815"/><specular r="1" g="1" b="1"/><diffuse r=".1" g=".1" b=".1"/></object></transblock>
                            <transblock><translate x="1.25" y="0" z="0.4"/><object type="primitive" name="cube" ><reflective r="1" g="1" b="1"/><shininess v="18.1815"/><specular r="1" g="1" b="1"/><diffuse r=".1" g=".1" b=".1"/></object></transblock>
                            <transblock><translate x="2.5" y="0" z="0.2"/><object type="primitive" name="cube" ><reflective r="1" g="1" b="1"/><shininess v="18.1815"/><specular r="1" g="1" b="1"/><diffuse r=".1" g=".1" b=".1"/></object></transblock>
                            <transblock><translate x="3.75" y="0" z="0.5"/><rotate x=".25" y=".25" z=".5" angle="25"/><object type="primitive" name="cube" ><reflective r="1" g="1" b="1"/><shininess v="18.1815"/><specular r="1" g="1" b="1"/><diffuse r=".1" g=".1" b=".1"/></object></transblock>
                </object></transblock></object></transblock>
                <transblock><translate x="0" y="10" z="1.3"/><rotate x="1" y="0" z="0" angle="15"/><object type="tree"><transblock><translate x="0" y="0" z="0"/><object type="tree">
                            <transblock><translate x="0" y="0" z="0"/><object type="primitive" name="cube" ><reflective r="1" g="1" b="1"/><shininess v="18.1815"/><specular r="1" g="1" b="1"/><diffuse r=".1" g=".1" b=".1"/></object></transblock>
                            <transblock><translate x="1.25" y="0" z="0"/><object type="primitive" name="cube" ><reflective r="1" g="1" b="1"/><shininess v="18.1815"/><specular r="1" g="1" b="1"/><diffuse r=".1" g=".1" b=".1"/></object></transblock>
                            <transblock><translate x="2.5" y="0" z="0"/><object type="primitive" name="cube" ><reflective r="1" g="1" b="1"/><shininess v="18.1815"/><specular r="1" g="1" b="1"/><diffuse r=".1" g=".1" b=".1"/></object></transblock>
                            <transblock><translate x="3.75" y="0" z="0"/><object type="primitive" name="cube" ><reflective r="1" g="1" b="1"/><shininess v="18.1815"/><specular r="1" g="1" b="1"/><diffuse r=".1" g=".1" b=".1"/></object></transblock>
                    </object></transblock><transblock><translate x="0" y="0" z="1.25"/><object type="tree">
                            <transblock><translate x="0" y="0" z="0"/><object type="primitive" name="cube" ><reflective r="1" g="1" b="1"/><shininess v="18.1815"/><specular r="1" g="1" b="1"/><diffuse r=".1" g=".1" b=".1"/></object></transblock>
                            <transblock><translate x="1.25" y="0" z="0"/><object type="primitive" name="cube" ><reflective r="1" g="1" b="1"/><shininess v="18.1815"/><specular r="1" g="1" b="1"/><diffuse r=".1" g=".1" b=".4"/></object></transblock>
                            <transblock><translate x="2.5" y="0" z="0"/><object type="primitive" name="cube" ><reflective r="1" g="1" b="1"/><shininess v="18.1815"/><specular r="1" g="1" b="1"/><diffuse r=".1" g=".1" b=".1"/></object></transblock>
                            <transblock><translate x="3.75" y="0" z=".01"/><object type="primitive" name="cube" ><reflective r="1" g="1" b="1"/><shininess v="18.1815"/><specular r="1" g="1" b="1"/><diffuse r=".1" g=".1" b=".1"/></object></transblock>
                    </object></transblock><transblock><translate x="0" y="0" z="2.5"/><object type="tree">
                            <transblock><translate x="0" y="0" z="0.3"/><object type="primitive" name="cube" ><reflective r="1" g="1" b="1"/><shininess v="18.1815"/><specular r="1" g="1" b="1"/><diffuse r=".1" g=".1" b=".1"/></object></transblock>
                            <transblock><translate x="1.25" y="0" z="0.25"/><object type="primitive" name="cube" ><reflective r="1" g="1" b="1"/><shininess v="18.1815"/><specular r="1" g="1" b="1"/><diffuse r=".1" g=".1" b=".1"/></object></transblock>
                            <transblock><translate x="2.5" y="0" z=".15"/><object type="primitive" name="cube" ><reflective r="1" g="1" b="1"/><shininess v="18.1815"/><specular r="1" g="1" b="1"/><diffuse r=".1" g=".1" b=".1"/></object></transblock>
                            <transblock><translate x="3.75" y="0" z=".2"/><rotate x=".33" y=".33" z=".33" angle="10"/><object type="primitive" name="cube" ><reflective r="1" g="1" b="1"/><shininess v="18.1815"/><specular r="1" g="1" b="1"/><diffuse r=".1" g=".1" b=".1"/></object></transblock>
                    </object></transblock><transblock><translate x="0" y="0" z="3.75"/><object type="tree">
                            <transblock><translate x="0.5" y="-2" z="1.5"/><rotate x=".6" y=".2" z=".2" angle="20"/><object type="primitive" name="cube" ><reflective r="1" g="1" b="1"/><shininess v="18.1815"/><specular r="1" g="1" b="1"/><diffuse r=".1" g=".1" b=".1"/></object></transblock>
                            <transblock><translate x="1.25" y="-.1" z="0.5"/><rotate x=".1" y=".1" z=".8" angle="10"/><object type="primitive" name="cube" ><reflective r="1" g="1" b="1"/><shininess v="18.1815"/><specular r="1" g="1" b="1"/><diffuse r=".1" g=".1" b=".1"/></object></transblock>
                            <transblock><translate x="2.5" y="-2" z="3"/><rotate x=".7" y=".15" z=".15" angle="45"/><object type="primitive" name="cube" ><reflective r="1" g="1" b="1"/><shininess v="18.1815"/><specular r="1" g="1" b="1"/><diffuse r=".1" g=".1" b=".1"/></object></transblock>
                            <transblock><translate x="3.75" y="-.5" z="1"/><rotate x=".5" y=".1" z=".4" angle="35"/><object type="primitive" name="cube" ><reflective r="1" g="1" b="1"/><shininess v="18.1815"/><specular r="1" g="1" b="1"/><diffuse r=".1" g=".1" b=".1"/></object></transblock>
                </object></transblock></object></transblock>
            </object>
        </transblock>
    </object>

</scenefile>


