<scenefile>
    <globaldata>
	<diffusecoeff v="0.5"/>
	<specularcoeff v="0.5"/>
	<ambientcoeff v="0.5"/>
    </globaldata>

    <cameradata>
	<pos x="0" y="0" z="8"/>
	<look x="0" y="0" z="-1" />
	<up x="0" y="1" z="0"/>
	<heightangle v="45"/>
    </cameradata>
    
    <lightdata>
	<id v="0"/>
	<color r="1" g="1" b="1"/>
	<position x="0" y="2.499" z="0"/>
    </lightdata> 
    
    <object type="tree" name="root">
	
	<transblock>
	    <translate x="5" y="0" z="0"/>
	    <scale x="5" y="5" z="5"/>
	    <object type="primitive" name="cube" >
		<diffuse r=".5" g="1" b=".5"/>
	    </object>
	</transblock>	
	
	<transblock>
	    <translate x="-5" y="0" z="0"/>
	    <scale x="5" y="5" z="5"/>
	    <object type="primitive" name="cube" >
		<diffuse r="1" g=".5" b=".5"/>
	    </object>
	</transblock>	
	
	<transblock>
	    <translate x="0" y="5" z="0"/>
	    <scale x="5" y="5" z="5"/>
	    <object type="primitive" name="cube" >
		<diffuse r=".7" g=".7" b=".7"/>
	    </object>
	</transblock>	
	
	<transblock>
	    <translate x="0" y="-5" z="0"/>
	    <scale x="5" y="5" z="5"/>
	    <object type="primitive" name="cube" >
		<diffuse r=".35" g=".35" b=".35"/>
	    </object>
	</transblock>	
	    
	<transblock>
	    <translate x="0" y = "0" z="-5"/>
	    <scale x="5" y="5" z="5"/>
	    <object type="primitive" name="cube" >
		<diffuse r=".5" g=".5" b=".5"/>
	    </object>
	</transblock>
	
	<transblock>
	    <translate x="0" y = "0" z="10"/>
	    <scale x="50" y="50" z="1"/>
	    <object type="primitive" name="cube" >
		<diffuse r=".5" g=".5" b=".5"/>
	    </object>
	</transblock>
	    

	<transblock>
	    <translate x="-1" y="-1.9" z="-1" />
	    <scale x="1.2" y="1.2" z="1.2" />
	    <object type="primitive" name="sphere" >
		<diffuse r="0" g="0" b="1" />
	    </object>
	</transblock>

	<transblock>
	    <translate x="1.1" y="-1.5" z=".3" />
	    <scale x="1" y="2" z="1" />
	    <object type="primitive" name="cube" >
		<diffuse r="1" g="1" b="0" />
	    </object>
	</transblock>

	<transblock>
	    <translate x="0" y="2.9999" z="0" />
	    <object type="primitive" name="cube" >
		<emissive r="1" g="1" b="1"/>
		<diffuse r="1" g="1" b="1"/>
	    </object>
	</transblock>

    </object>

</scenefile>

