<scenefile>
	<globaldata>
		<diffusecoeff v="0.5"/>
		<specularcoeff v="0.5"/>
		<ambientcoeff v="0.5"/>
	</globaldata>

	<cameradata>
		<pos x="0" y="0" z="10"/>
		<look x="0" y="0" z="-1"/>
		<up x="0" y="1" z="0"/>
		<heightangle v="45"/>
	</cameradata>

	<lightdata>
		<id v="1"/>
		<position x="0" y="0" z="0"/>
		<color r="1" g="1" b="1"/>
	</lightdata>

	<object type="tree" name="root">
		<transblock>
			<translate x="0" y="0" z="-2"/>
			<object type="tree">
				<transblock>
					<translate x="1" y="4" z="0"/>
					<object type="primitive" name="cube" >
						<diffuse r="1" g="1" b="1"/>
					</object>
				</transblock>
				<transblock>
					<translate x="1" y="2" z="0"/>
					<object type="primitive" name="cube" >
						<diffuse r="1" g="1" b="1"/>
					</object>
				</transblock>
				<transblock>
					<translate x="1" y="0" z="0"/>
					<object type="primitive" name="cube" >
						<diffuse r="1" g="1" b="1"/>
					</object>
				</transblock>
				<transblock>
					<translate x="1" y="-2" z="0"/>
					<object type="primitive" name="cube" >
						<diffuse r="1" g="1" b="1"/>
					</object>
				</transblock>
				<transblock>
					<translate x="1" y="-4" z="0"/>
					<object type="primitive" name="cube" >
						<diffuse r="1" g="1" b="1"/>
					</object>
				</transblock>
				<transblock>
					<translate x="-1" y="4" z="0"/>
					<object type="primitive" name="cylinder" >
						<diffuse r="1" g="1" b="1"/>
					</object>
				</transblock>
				<transblock>
					<translate x="-1" y="2" z="0"/>
					<object type="primitive" name="cylinder" >
						<diffuse r="1" g="1" b="1"/>
					</object>
				</transblock>
				<transblock>
					<translate x="-1" y="0" z="0"/>
					<object type="primitive" name="cylinder" >
						<diffuse r="1" g="1" b="1"/>
					</object>
				</transblock>
				<transblock>
					<translate x="-1" y="-2" z="0"/>
					<object type="primitive" name="cylinder" >
						<diffuse r="1" g="1" b="1"/>
					</object>
				</transblock>
				<transblock>
					<translate x="-1" y="-4" z="0"/>
					<object type="primitive" name="cylinder" >
						<diffuse r="1" g="1" b="1"/>
					</object>
				</transblock>
				<transblock>
					<translate x="3" y="4" z="0"/>
					<rotate x="1" y="0" z="0" angle="0"/>
					<object type="primitive" name="cone" >
						<diffuse r="1" g="1" b="1"/>
					</object>
				</transblock>
				<transblock>
					<translate x="3" y="2" z="0"/>
					<rotate x="1" y="0" z="0" angle="45"/>
					<object type="primitive" name="cone" >
						<diffuse r="1" g="1" b="1"/>
					</object>
				</transblock>
				<transblock>
					<translate x="3" y="0" z="0"/>
					<rotate x="1" y="0" z="0" angle="90"/>
					<object type="primitive" name="cone" >
						<diffuse r="1" g="1" b="1"/>
					</object>
				</transblock>
				<transblock>
					<translate x="3" y="-2" z="0"/>
					<rotate x="1" y="0" z="0" angle="135"/>
					<object type="primitive" name="cone" >
						<diffuse r="1" g="1" b="1"/>
					</object>
				</transblock>
				<transblock>
					<translate x="3" y="-4" z="0"/>
					<rotate x="1" y="0" z="0" angle="180"/>
					<object type="primitive" name="cone" >
						<diffuse r="1" g="1" b="1"/>
					</object>
				</transblock>
				<transblock>
					<translate x="-3" y="4" z="0"/>
					<object type="primitive" name="sphere" >
						<diffuse r="1" g="1" b="1"/>
					</object>
				</transblock>
				<transblock>
					<translate x="-3" y="2" z="0"/>
					<object type="primitive" name="sphere" >
						<diffuse r="1" g="1" b="1"/>
					</object>
				</transblock>
				<transblock>
					<translate x="-3" y="0" z="0"/>
					<object type="primitive" name="sphere" >
						<diffuse r="1" g="1" b="1"/>
					</object>
				</transblock>
				<transblock>
					<translate x="-3" y="-2" z="0"/>
					<object type="primitive" name="sphere" >
						<diffuse r="1" g="1" b="1"/>
					</object>
				</transblock>
				<transblock>
					<translate x="-3" y="-4" z="0"/>
					<object type="primitive" name="sphere" >
						<diffuse r="1" g="1" b="1"/>
					</object>
				</transblock>
			</object>
		</transblock>
	</object>

</scenefile>

