<scenefile>
    <globaldata>
	<diffusecoeff v="0.5"/>
	<specularcoeff v="0.5"/>
	<ambientcoeff v="0.5"/>
    </globaldata>

    <cameradata>
	<pos x="2" y="2" z="2"/>
	<look x="-0.57735" y="-0.57735" z="-0.57735"/>
	<up x="-0.408248" y="0.816497" z="-0.408248"/>
	<heightangle v="60"/>
    </cameradata>

    <lightdata>
	<id v="3"/>
	<position x="2" y="2" z="2"/>
	<color r="1" g="1" b="1"/>
    </lightdata>

    <object type="tree" name="root">
	<transblock>
	    <matrix>
		<row0 v1="0.050000" v2="0.000000" v3="0.000000" v4="0.000000" />
		<row1 v1="0.000000" v2="1.000000" v3="0.000000" v4="0.500000" />
		<row2 v1="0.000000" v2="0.000000" v3="0.050000" v4="0.000000" />
		<row3 v1="0.000000" v2="0.000000" v3="0.000000" v4="1.000000" />
	    </matrix>
	    <object type="primitive" name="cylinder" >
		<diffuse r="0.000000" g="0.000000" b="1.000000"/>
	    </object>
	</transblock>
	<transblock>
	    <matrix>
		<row0 v1="0.050000" v2="0.000000" v3="0.000000" v4="0.000000" />
		<row1 v1="0.000000" v2="0.000000" v3="-0.050000" v4="0.000000" />
		<row2 v1="0.000000" v2="1.000000" v3="0.000000" v4="0.500000" />
		<row3 v1="0.000000" v2="0.000000" v3="0.000000" v4="1.000000" />
	    </matrix>
	    <object type="primitive" name="cylinder" >
		<diffuse r="1.000000" g="0.000000" b="0.000000"/>
	    </object>
	</transblock>
	<transblock>
	    <matrix>
		<row0 v1="0.000000" v2="1.000000" v3="0.000000" v4="0.500000" />
		<row1 v1="-0.050000" v2="0.000000" v3="0.000000" v4="0.000000" />
		<row2 v1="0.000000" v2="-0.000000" v3="0.050000" v4="-0.000000" />
		<row3 v1="0.000000" v2="0.000000" v3="0.000000" v4="1.000000" />
	    </matrix>
	    <object type="primitive" name="cylinder" >
		<diffuse r="0.000000" g="1.000000" b="0.000000"/>
	    </object>
	</transblock>
	<transblock>
	    <matrix>
		<row0 v1="0.500000" v2="0.000000" v3="0.000000" v4="0.000000" />
		<row1 v1="0.000000" v2="0.500000" v3="0.000000" v4="1.000000" />
		<row2 v1="0.000000" v2="0.000000" v3="0.500000" v4="-0.500000" />
		<row3 v1="0.000000" v2="0.000000" v3="0.000000" v4="1.000000" />
	    </matrix>
	    <object type="primitive" name="cone" >
		<diffuse r="1.000000" g="1.000000" b="0.000000"/>
	    </object>
	</transblock>
	<transblock>
	    <matrix>
		<row0 v1="0.500000" v2="0.000000" v3="0.000000" v4="0.000000" />
		<row1 v1="0.000000" v2="0.250000" v3="0.000000" v4="0.625000" />
		<row2 v1="0.000000" v2="0.000000" v3="0.500000" v4="-0.500000" />
		<row3 v1="0.000000" v2="0.000000" v3="0.000000" v4="1.000000" />
	    </matrix>
	    <object type="primitive" name="cylinder" >
		<diffuse r="1.000000" g="1.000000" b="0.000000"/>
	    </object>
	</transblock>
	<transblock>
	    <matrix>
		<row0 v1="0.150000" v2="0.000000" v3="0.000000" v4="0.000000" />
		<row1 v1="0.000000" v2="0.150000" v3="0.000000" v4="0.655000" />
		<row2 v1="0.000000" v2="0.000000" v3="0.150000" v4="-0.200000" />
		<row3 v1="0.000000" v2="0.000000" v3="0.000000" v4="1.000000" />
	    </matrix>
	    <object type="primitive" name="cone" >
		<diffuse r="1.000000" g="0.000000" b="0.000000"/>
	    </object>
	</transblock>
	<transblock>
	    <matrix>
		<row0 v1="0.100000" v2="0.000000" v3="0.000000" v4="0.100000" />
		<row1 v1="0.000000" v2="0.100000" v3="0.000000" v4="0.710000" />
		<row2 v1="0.000000" v2="0.000000" v3="0.100000" v4="-0.300000" />
		<row3 v1="0.000000" v2="0.000000" v3="0.000000" v4="1.000000" />
	    </matrix>
	    <object type="primitive" name="sphere" >
		<diffuse r="0.000000" g="0.000000" b="0.000000"/>
	    </object>
	</transblock>
	<transblock>
	    <matrix>
		<row0 v1="0.100000" v2="0.000000" v3="0.000000" v4="-0.100000" />
		<row1 v1="0.000000" v2="0.100000" v3="0.000000" v4="0.710000" />
		<row2 v1="0.000000" v2="0.000000" v3="0.100000" v4="-0.300000" />
		<row3 v1="0.000000" v2="0.000000" v3="0.000000" v4="1.000000" />
	    </matrix>
	    <object type="primitive" name="sphere" >
		<diffuse r="0.000000" g="0.000000" b="0.000000"/>
	    </object>
	</transblock>
	<transblock>
	    <matrix>
		<row0 v1="1.000000" v2="0.000000" v3="0.000000" v4="0.000000" />
		<row1 v1="0.000000" v2="1.000000" v3="0.000000" v4="0.000000" />
		<row2 v1="0.000000" v2="0.000000" v3="0.500000" v4="-0.500000" />
		<row3 v1="0.000000" v2="0.000000" v3="0.000000" v4="1.000000" />
	    </matrix>
	    <object type="primitive" name="cube" >
		<diffuse r="0.500000" g="0.500000" b="0.500000"/>
	    </object>
	</transblock>
	<transblock>
	    <matrix>
		<row0 v1="0.300000" v2="0.000000" v3="0.000000" v4="0.600000" />
		<row1 v1="0.000000" v2="0.212132" v3="0.212132" v4="0.450000" />
		<row2 v1="0.000000" v2="-0.212132" v3="0.212132" v4="-0.500000" />
		<row3 v1="0.000000" v2="0.000000" v3="0.000000" v4="1.000000" />
	    </matrix>
	    <object type="primitive" name="sphere" >
		<diffuse r="0.500000" g="0.500000" b="0.500000"/>
	    </object>
	</transblock>
	<transblock>
	    <matrix>
		<row0 v1="0.300000" v2="0.000000" v3="0.000000" v4="0.600000" />
		<row1 v1="0.000000" v2="0.424264" v3="0.212132" v4="0.237868" />
		<row2 v1="0.000000" v2="-0.424264" v3="0.212132" v4="-0.287868" />
		<row3 v1="0.000000" v2="0.000000" v3="0.000000" v4="1.000000" />
	    </matrix>
	    <object type="primitive" name="cylinder" >
		<diffuse r="0.500000" g="0.500000" b="0.500000"/>
	    </object>
	</transblock>
	<transblock>
	    <matrix>
		<row0 v1="0.300000" v2="0.000000" v3="0.000000" v4="-0.600000" />
		<row1 v1="0.000000" v2="0.212132" v3="-0.212132" v4="0.450000" />
		<row2 v1="0.000000" v2="0.212132" v3="0.212132" v4="-0.500000" />
		<row3 v1="0.000000" v2="0.000000" v3="0.000000" v4="1.000000" />
	    </matrix>
	    <object type="primitive" name="sphere" >
		<diffuse r="0.500000" g="0.500000" b="0.500000"/>
	    </object>
	</transblock>
	<transblock>
	    <matrix>
		<row0 v1="0.300000" v2="0.000000" v3="0.000000" v4="-0.600000" />
		<row1 v1="0.000000" v2="0.424264" v3="-0.212132" v4="0.237868" />
		<row2 v1="0.000000" v2="0.424264" v3="0.212132" v4="-0.712132" />
		<row3 v1="0.000000" v2="0.000000" v3="0.000000" v4="1.000000" />
	    </matrix>
	    <object type="primitive" name="cylinder" >
		<diffuse r="0.500000" g="0.500000" b="0.500000"/>
	    </object>
	</transblock>
	<transblock>
	    <matrix>
		<row0 v1="0.500000" v2="0.000000" v3="0.000000" v4="0.000000" />
		<row1 v1="0.000000" v2="0.500000" v3="0.000000" v4="-0.500000" />
		<row2 v1="0.000000" v2="0.000000" v3="0.500000" v4="-0.500000" />
		<row3 v1="0.000000" v2="0.000000" v3="0.000000" v4="1.000000" />
	    </matrix>
	    <object type="primitive" name="sphere" >
		<diffuse r="0.000000" g="1.000000" b="1.000000"/>
	    </object>
	</transblock>
	<transblock>
	    <matrix>
		<row0 v1="0.400000" v2="0.000000" v3="0.000000" v4="0.320000" />
		<row1 v1="0.000000" v2="0.952628" v3="-0.250000" v4="-1.071577" />
		<row2 v1="0.000000" v2="0.550000" v3="0.433013" v4="-0.830000" />
		<row3 v1="0.000000" v2="0.000000" v3="0.000000" v4="1.000000" />
	    </matrix>
	    <object type="primitive" name="cylinder" >
		<diffuse r="0.000000" g="1.000000" b="1.000000"/>
	    </object>
	</transblock>
	<transblock>
	    <matrix>
		<row0 v1="0.400000" v2="0.000000" v3="0.000000" v4="-0.320000" />
		<row1 v1="0.000000" v2="0.952628" v3="0.250000" v4="-1.071577" />
		<row2 v1="0.000000" v2="-0.550000" v3="0.433013" v4="-0.170000" />
		<row3 v1="0.000000" v2="0.000000" v3="0.000000" v4="1.000000" />
	    </matrix>
	    <object type="primitive" name="cylinder" >
		<diffuse r="0.000000" g="1.000000" b="1.000000"/>
	    </object>
	</transblock>
    </object>

</scenefile>

