<scenefile>
	<globaldata>
		<diffusecoeff v="0.5"/>
		<specularcoeff v="0.5"/>
		<ambientcoeff v="0.5"/>
	</globaldata>

	<cameradata>
		<pos x="0" y="0" z="3"/>
		<focus x="0" y="0" z="0"/>
		<up x="0" y="1" z="0"/>
		<heightangle v="30"/>
	</cameradata>

	<lightdata>
		<id v="0"/>
		<position x="1" y="1" z="1"/>
		<color r="1" g="1" b="1"/>
	</lightdata>

	<object type="tree" name="root">
		<transblock>
			<translate x="0.5" y="0" z="0"/>
			<object type="primitive" name="sphere" >
				<diffuse r="1" g="0" b="0"/>
			</object>
		</transblock>
		<transblock>
			<translate x="-0.5" y="0" z="0"/>
			<object type="primitive" name="sphere" >
				<diffuse r="0" g="0" b="1"/>
			</object>
		</transblock>
		<transblock>
			<translate x="0" y="0.5" z="0"/>
			<object type="primitive" name="sphere" >
				<diffuse r="0" g="1" b="0"/>
			</object>
		</transblock>
	</object>

</scenefile>

